Workbook
Name CEUSLargeOffice: 'Climate Zones'!#REF!
Name CEUSRetail: 'Climate Zones'!#REF!
Name CEUSSmallOffice: 'Climate Zones'!#REF!
Name CompressorOnly: 'User Inputs and DR Shed Results'!#REF!
Name CycleAvailPerc: 'User Inputs and DR Shed Results'!#REF!
Name DutyCycleMinutes: 'User Inputs and DR Shed Results'!#REF!
Name HvacDR: 'User Inputs and DR Shed Results'!#REF!
Name LargeOffice: 'Climate Zones'!#REF!
Name Retail: 'Climate Zones'!#REF!
Name SelectedEquations: 'Cycle Calculation'!#REF!
Name SmallOffice: 'Climate Zones'!#REF!
Name CECCZ: 'User Inputs and DR Shed Results'!$C$13
Name PGECZ: 'User Inputs and DR Shed Results'!$B$12
Name CZ04TempReset: 'LoadShed Database'!$K$2:$T$105
Name CZ03TempReset: 'LoadShed Database'!$A$2:$J$105
Name TempResetDegrees: 'User Inputs and DR Shed Results'!$B$21
Name AvailPerc: 'User Inputs and DR Shed Results'!$B$19
Name CZ13TempReset: 'LoadShed Database'!$AE$2:$AN$105
Name CZ04CycleOnOff: 'LoadShed Database'!$K$107:$T$136
Name BuildingType: 'User Inputs and DR Shed Results'!$B$5
Name CZ12CycleOnOff: 'LoadShed Database'!$U$107:$AD$136
Name NewCustomer: 'User Inputs and DR Shed Results'!$B$8
Name HvacDRTYPE: 'Category Lists'!$N$4:$N$5
Name CZ13CycleOnOff: 'LoadShed Database'!$AE$107:$AN$136
Name CZ03CycleOnOff: 'LoadShed Database'!$A$107:$J$136
Name PrecoolDegrees: 'User Inputs and DR Shed Results'!$B$20
Name CZ12TempReset: 'LoadShed Database'!$U$2:$AD$105

Sheet Welcome to DR Tool
B1: ADR Estimation Tool Framework
B27: Instructions for LBNL ADR Tool V2.1:
B28: This tool provides DR shed magnitudes for a range of OATs for one of the major DR strategies: 1) HVAC Temp Reset (Precool with Zone Temp Setback).
B29: Step 1: Copy 15-min electricity meter data into the "IDAR Meter Data" sheet. First column is date and time in format "MM/DD/YYYY HH:MM". Second column is meter demand in units of kW in any number format.
B30: Step 2: In the "User Inputs and DR Shed Results" sheet's "ADR Site Description" block: 1. Enter the site name (if desired), 2. Select building type--Office or Retail, 3. Select HVAC type--Rooftop unit(s) or Central Plant and 4. Enter the site's zip code.
B31: Step 3:If HVAC temp reset is strategy of intereset, in the "User Inputs and DR Shed Results" sheet's "HVAC Temp Reset DR Shed Capacity Calculation": 1. Enter the percent of the floor area of the building for which the HVAC temp reset will be applied (0-100), 2. Select the "Precool Period Temp Offset"; either 0 or -2 °F, and 3. Select the "DR Event Period Temp Offset", either 2, 4, or 6 °F.
B32: Estimated kW sheds are calculated in tables and figures in "User Inputs and DR Shed Results".
B33: Temperature ranges shown in HVAC Temp Reset DR Shed Estimates (kW) are Peak Outside Air Temperatures on weekdays in the following ranges: 1 (60-65°F), 2 (65-70°F), 3 (70-75°F), 4 (75-80°F), 5 (80-85°F), 6 (85-90°F), and 7 (Above 90°F).
B35: Note: Only weekdays are selected for DR shed calculations. Weekends, holidays and ADR days in 2015 (if customer has enrolled into 2015 ADR programs) are excluded.

Sheet IDAR Meter Data
B1: Date
A2: 42125 | B2: 232
A3: 42125.01 | B3: 232
A4: 42125.021 | B4: 207
A5: 42125.031 | B5: 224
A6: 42125.042 | B6: 208
A7: 42125.052 | B7: 208
A8: 42125.062 | B8: 196
A9: 42125.073 | B9: 205
A10: 42125.083 | B10: 196
A11: 42125.094 | B11: 205
A12: 42125.104 | B12: 187
A13: 42125.115 | B13: 185
... A17665: 42308.99 | B17665: 92

Sheet User Inputs and DR Shed Results
A2: User Inputs
A3: ADR Site Description | B3: Data | C3: Note
A4: Name | B4: {id:smallofficecz03-26}
A5: Building Type | B5: Office
A6: HVAC Type | B6: Central Plant | C6: RTU Duty Cycling is not available for HVAC Type "Central Plant".
A7: Zipcode | B7: 94720
A8: NewCustomers | B8: Yes
A10: Peak Demand (kW) | B10: =MAX('IDAR Meter Data'!B:B) -> 322 | C10: From meter data
A11: County | B11: =IFERROR(VLOOKUP(B7,'Climate Zones'!A1:F2557,2,0),"") -> Alameda
A12: PG&E Climate Zone | B12: =IFERROR(VLOOKUP(B7,'Climate Zones'!A2:F2558,4,0),"") -> 4
A13: CEC Climate Zone | B13: =IFERROR(VLOOKUP(B7,'Climate Zones'!A3:F2559,3,0),"") -> 3 | C13: =IF(B13<10,"CZ0"&B13,"CZ"&B13) -> CZ03
A14: Building Size | B14: =IF(B5="Office",IF(B10<200,"SmallOffice",IF(AND(B10>=200,B10<500),"MediumOffice",IF(B10>=500,"LargeOffice"))),IF(B10>0,"Retail")) -> MediumOffice
A17: DR Shed Results of HVAC Temperature Setpoint Reset
A18: HVAC Temp Reset DR Shed Capacity Calculation
A19: Percent of Bldg Floor Area that Temp Reset will Apply (0-100) | B19: 100
A20: Precool Period Temp Offset (°F) | B20: 0
A21: DR Event Period Temp Offset (°F) | B21: 4
A22: Average DR Potential (kW) | B22: =AVERAGE(C28:C34)*AvailPerc/100 -> 25.794371
A23: Min DR Potential (kW) | B23: =MIN(C28:C34)*AvailPerc/100 -> 22.482497
A24: Max DR Potential (kW) | B24: =MAX(C28:C34)*AvailPerc/100 -> 28.712178
A26: HVAC Temp Reset DR Shed Estimates (kW) for Peak Temps in Building's Climate Zone
A27: Temperature Range | B27: Peak OAT (F) | C27: Estimated kW Shed
A28: =CSSB!L3 -> 1 | B28: =CSSB!M3 -> 61.692639 | C28: =AVERAGE('DR Calculation'!J3:J18) -> 22.482497
A29: =CSSB!L4 -> 2 | B29: =CSSB!M4 -> 67.609237 | C29: =AVERAGE('DR Calculation'!J21:J36) -> 23.309812
A30: =CSSB!L5 -> 3 | B30: =CSSB!M5 -> 72.139614 | C30: =AVERAGE('DR Calculation'!J39:J54) -> 24.500756
A31: =CSSB!L6 -> 4 | B31: =CSSB!M6 -> 76.924252 | C31: =AVERAGE('DR Calculation'!J57:J72) -> 25.738436
A32: =CSSB!L7 -> 5 | B32: =CSSB!M7 -> 82.146235 | C32: =AVERAGE('DR Calculation'!J75:J90) -> 28.712178
A33: =CSSB!L8 -> 6 | B33: =CSSB!M8 -> 87.56052 | C33: =AVERAGE('DR Calculation'!J93:J108) -> 28.009207
A34: =CSSB!L9 -> 7 | B34: =CSSB!M9 -> 90.794444 | C34: =AVERAGE('DR Calculation'!J111:J126) -> 27.807713

Sheet CSSB
A1: Date | B1: Date | C1: weekday | D1: Hour | E1: Demand | F1: OAT | G1: TempRange | I1: Holiday and ADR Days | L1: Summary of Load and OAT in Summer
A2: 42125.042 | B2: =DATE(YEAR(A2),MONTH(A2),DAY(A2)) -> 42125 | C2: =IF(NewCustomer="Yes", IF(COUNTIF($I$2:$I$11,B2)>0,0,WEEKDAY(B2,2)),IF(COUNTIF($I$2:$I$21,B2)>0,0,WEEKDAY(B2,2))) -> 5 | D2: =HOUR(A2) -> 1 | E2: =IFERROR(VLOOKUP(A2,'IDAR Meter Data'!$A:$B,2,1),"") -> 208 | F2: =IF(CECCZ="CZ03",'Outside Temp'!B2,IF(CECCZ="CZ04",'Outside Temp'!B3,IF(CECCZ="CZ12",'Outside Temp'!B4, IF(CECCZ="CZ13",'Outside Temp'!B5)))) -> 63.733333 | G2: =IF(F2<=65,1,IF(AND(F2<=70,F2>65),2,IF(AND(F2<=75,F2>70),3,IF(AND(F2<=80,F2>75),4,IF(AND(F2<=85,F2>80),5,IF(AND(F2<=90,F2>85),6,IF(AND(F2<=95,F2>90),7,IF(F2>95,8)))))))) -> 1 | I2: 42005 | J2: New Years' Day | L2: Temp Ranges | M2: Average of OAT | N2: Average of Demand
A3: 42125.052 | B3: =DATE(YEAR(A3),MONTH(A3),DAY(A3)) -> 42125 | C3: =IF(NewCustomer="Yes", IF(COUNTIF($I$2:$I$11,B3)>0,0,WEEKDAY(B3,2)),IF(COUNTIF($I$2:$I$21,B3)>0,0,WEEKDAY(B3,2))) -> 5 | D3: =HOUR(A3) -> 1 | E3: =IFERROR(VLOOKUP(A3,'IDAR Meter Data'!$A:$B,2,1),"") -> 208 | F3: =IF(CECCZ="CZ03",'Outside Temp'!B3,IF(CECCZ="CZ04",'Outside Temp'!B4,IF(CECCZ="CZ12",'Outside Temp'!B5, IF(CECCZ="CZ13",'Outside Temp'!B6)))) -> 62.733333 | G3: =IF(F3<=65,1,IF(AND(F3<=70,F3>65),2,IF(AND(F3<=75,F3>70),3,IF(AND(F3<=80,F3>75),4,IF(AND(F3<=85,F3>80),5,IF(AND(F3<=90,F3>85),6,IF(AND(F3<=95,F3>90),7,IF(F3>95,8)))))))) -> 1 | I3: 42023 | J3: Martin Luther King | L3: 1 | M3: =AVERAGEIFS($F$2:$F$17661,$C$2:$C$17661,">=1",$C$2:$C$17661,"<=5",$G$2:$G$17661,"=1",$D$2:$D$17661,">=12",$D$2:$D$17661,"<=17") -> 61.692639 | N3: =AVERAGEIFS($E$2:$E$17661,$C$2:$C$17661,">=1",$C$2:$C$17661,"<=5",$G$2:$G$17661,"=1",$D$2:$D$17661,">=12",$D$2:$D$17661,"<=17") -> 224.63356
A4: 42125.062 | B4: =DATE(YEAR(A4),MONTH(A4),DAY(A4)) -> 42125 | C4: =IF(NewCustomer="Yes", IF(COUNTIF($I$2:$I$11,B4)>0,0,WEEKDAY(B4,2)),IF(COUNTIF($I$2:$I$21,B4)>0,0,WEEKDAY(B4,2))) -> 5 | D4: =HOUR(A4) -> 1 | E4: =IFERROR(VLOOKUP(A4,'IDAR Meter Data'!$A:$B,2,1),"") -> 196 | F4: =IF(CECCZ="CZ03",'Outside Temp'!B4,IF(CECCZ="CZ04",'Outside Temp'!B5,IF(CECCZ="CZ12",'Outside Temp'!B6, IF(CECCZ="CZ13",'Outside Temp'!B7)))) -> 61.733333 | G4: =IF(F4<=65,1,IF(AND(F4<=70,F4>65),2,IF(AND(F4<=75,F4>70),3,IF(AND(F4<=80,F4>75),4,IF(AND(F4<=85,F4>80),5,IF(AND(F4<=90,F4>85),6,IF(AND(F4<=95,F4>90),7,IF(F4>95,8)))))))) -> 1 | I4: 42051 | J4: Washington's Birthday | L4: 2 | M4: =AVERAGEIFS($F$2:$F$17661,$C$2:$C$17661,">=1",$C$2:$C$17661,"<=5",$G$2:$G$17661,"=2",$D$2:$D$17661,">=12",$D$2:$D$17661,"<=17") -> 67.609237 | N4: =AVERAGEIFS($E$2:$E$17661,$C$2:$C$17661,">=1",$C$2:$C$17661,"<=5",$G$2:$G$17661,"=2",$D$2:$D$17661,">=12",$D$2:$D$17661,"<=17") -> 227.47394
A5: 42125.073 | B5: =DATE(YEAR(A5),MONTH(A5),DAY(A5)) -> 42125 | C5: =IF(NewCustomer="Yes", IF(COUNTIF($I$2:$I$11,B5)>0,0,WEEKDAY(B5,2)),IF(COUNTIF($I$2:$I$21,B5)>0,0,WEEKDAY(B5,2))) -> 5 | D5: =HOUR(A5) -> 1 | E5: =IFERROR(VLOOKUP(A5,'IDAR Meter Data'!$A:$B,2,1),"") -> 205 | F5: =IF(CECCZ="CZ03",'Outside Temp'!B5,IF(CECCZ="CZ04",'Outside Temp'!B6,IF(CECCZ="CZ12",'Outside Temp'!B7, IF(CECCZ="CZ13",'Outside Temp'!B8)))) -> 60.733333 | G5: =IF(F5<=65,1,IF(AND(F5<=70,F5>65),2,IF(AND(F5<=75,F5>70),3,IF(AND(F5<=80,F5>75),4,IF(AND(F5<=85,F5>80),5,IF(AND(F5<=90,F5>85),6,IF(AND(F5<=95,F5>90),7,IF(F5>95,8)))))))) -> 1 | I5: 42149 | J5: Memorial Day | L5: 3 | M5: =AVERAGEIFS($F$2:$F$17661,$C$2:$C$17661,">=1",$C$2:$C$17661,"<=5",$G$2:$G$17661,"=3",$D$2:$D$17661,">=12",$D$2:$D$17661,"<=17") -> 72.139614 | N5: =AVERAGEIFS($E$2:$E$17661,$C$2:$C$17661,">=1",$C$2:$C$17661,"<=5",$G$2:$G$17661,"=3",$D$2:$D$17661,">=12",$D$2:$D$17661,"<=17") -> 234.90573
A6: 42125.083 | B6: =DATE(YEAR(A6),MONTH(A6),DAY(A6)) -> 42125 | C6: =IF(NewCustomer="Yes", IF(COUNTIF($I$2:$I$11,B6)>0,0,WEEKDAY(B6,2)),IF(COUNTIF($I$2:$I$21,B6)>0,0,WEEKDAY(B6,2))) -> 5 | D6: =HOUR(A6) -> 2 | E6: =IFERROR(VLOOKUP(A6,'IDAR Meter Data'!$A:$B,2,1),"") -> 196 | F6: =IF(CECCZ="CZ03",'Outside Temp'!B6,IF(CECCZ="CZ04",'Outside Temp'!B7,IF(CECCZ="CZ12",'Outside Temp'!B8, IF(CECCZ="CZ13",'Outside Temp'!B9)))) -> 59.933333 | G6: =IF(F6<=65,1,IF(AND(F6<=70,F6>65),2,IF(AND(F6<=75,F6>70),3,IF(AND(F6<=80,F6>75),4,IF(AND(F6<=85,F6>80),5,IF(AND(F6<=90,F6>85),6,IF(AND(F6<=95,F6>90),7,IF(F6>95,8)))))))) -> 1 | I6: 42188 | J6: Independence Day | L6: 4 | M6: =AVERAGEIFS($F$2:$F$17661,$C$2:$C$17661,">=1",$C$2:$C$17661,"<=5",$G$2:$G$17661,"=4",$D$2:$D$17661,">=12",$D$2:$D$17661,"<=17") -> 76.924252 | N6: =AVERAGEIFS($E$2:$E$17661,$C$2:$C$17661,">=1",$C$2:$C$17661,"<=5",$G$2:$G$17661,"=4",$D$2:$D$17661,">=12",$D$2:$D$17661,"<=17") -> 242.28767
A7: 42125.094 | B7: =DATE(YEAR(A7),MONTH(A7),DAY(A7)) -> 42125 | C7: =IF(NewCustomer="Yes", IF(COUNTIF($I$2:$I$11,B7)>0,0,WEEKDAY(B7,2)),IF(COUNTIF($I$2:$I$21,B7)>0,0,WEEKDAY(B7,2))) -> 5 | D7: =HOUR(A7) -> 2 | E7: =IFERROR(VLOOKUP(A7,'IDAR Meter Data'!$A:$B,2,1),"") -> 205 | F7: =IF(CECCZ="CZ03",'Outside Temp'!B7,IF(CECCZ="CZ04",'Outside Temp'!B8,IF(CECCZ="CZ12",'Outside Temp'!B9, IF(CECCZ="CZ13",'Outside Temp'!B10)))) -> 59.683333 | G7: =IF(F7<=65,1,IF(AND(F7<=70,F7>65),2,IF(AND(F7<=75,F7>70),3,IF(AND(F7<=80,F7>75),4,IF(AND(F7<=85,F7>80),5,IF(AND(F7<=90,F7>85),6,IF(AND(F7<=95,F7>90),7,IF(F7>95,8)))))))) -> 1 | I7: 42254 | J7: Labor Day | L7: 5 | M7: =AVERAGEIFS($F$2:$F$17661,$C$2:$C$17661,">=1",$C$2:$C$17661,"<=5",$G$2:$G$17661,"=5",$D$2:$D$17661,">=12",$D$2:$D$17661,"<=17") -> 82.146235 | N7: =AVERAGEIFS($E$2:$E$17661,$C$2:$C$17661,">=1",$C$2:$C$17661,"<=5",$G$2:$G$17661,"=5",$D$2:$D$17661,">=12",$D$2:$D$17661,"<=17") -> 265.02439
A8: 42125.104 | B8: =DATE(YEAR(A8),MONTH(A8),DAY(A8)) -> 42125 | C8: =IF(NewCustomer="Yes", IF(COUNTIF($I$2:$I$11,B8)>0,0,WEEKDAY(B8,2)),IF(COUNTIF($I$2:$I$21,B8)>0,0,WEEKDAY(B8,2))) -> 5 | D8: =HOUR(A8) -> 2 | E8: =IFERROR(VLOOKUP(A8,'IDAR Meter Data'!$A:$B,2,1),"") -> 187 | F8: =IF(CECCZ="CZ03",'Outside Temp'!B8,IF(CECCZ="CZ04",'Outside Temp'!B9,IF(CECCZ="CZ12",'Outside Temp'!B10, IF(CECCZ="CZ13",'Outside Temp'!B11)))) -> 59.433333 | G8: =IF(F8<=65,1,IF(AND(F8<=70,F8>65),2,IF(AND(F8<=75,F8>70),3,IF(AND(F8<=80,F8>75),4,IF(AND(F8<=85,F8>80),5,IF(AND(F8<=90,F8>85),6,IF(AND(F8<=95,F8>90),7,IF(F8>95,8)))))))) -> 1 | I8: 42289 | J8: Columbus Day | L8: 6 | M8: =AVERAGEIFS($F$2:$F$17661,$C$2:$C$17661,">=1",$C$2:$C$17661,"<=5",$G$2:$G$17661,"=6",$D$2:$D$17661,">=12",$D$2:$D$17661,"<=17") -> 87.56052 | N8: =AVERAGEIFS($E$2:$E$17661,$C$2:$C$17661,">=1",$C$2:$C$17661,"<=5",$G$2:$G$17661,"=6",$D$2:$D$17661,">=12",$D$2:$D$17661,"<=17") -> 253.42553
A9: 42125.115 | B9: =DATE(YEAR(A9),MONTH(A9),DAY(A9)) -> 42125 | C9: =IF(NewCustomer="Yes", IF(COUNTIF($I$2:$I$11,B9)>0,0,WEEKDAY(B9,2)),IF(COUNTIF($I$2:$I$21,B9)>0,0,WEEKDAY(B9,2))) -> 5 | D9: =HOUR(A9) -> 2 | E9: =IFERROR(VLOOKUP(A9,'IDAR Meter Data'!$A:$B,2,1),"") -> 185 | F9: =IF(CECCZ="CZ03",'Outside Temp'!B9,IF(CECCZ="CZ04",'Outside Temp'!B10,IF(CECCZ="CZ12",'Outside Temp'!B11, IF(CECCZ="CZ13",'Outside Temp'!B12)))) -> 59.183333 | G9: =IF(F9<=65,1,IF(AND(F9<=70,F9>65),2,IF(AND(F9<=75,F9>70),3,IF(AND(F9<=80,F9>75),4,IF(AND(F9<=85,F9>80),5,IF(AND(F9<=90,F9>85),6,IF(AND(F9<=95,F9>90),7,IF(F9>95,8)))))))) -> 1 | I9: 42319 | J9: Veterans Day | L9: 7 | M9: =AVERAGEIFS($F$2:$F$17661,$C$2:$C$17661,">=1",$C$2:$C$17661,"<=5",$G$2:$G$17661,"=7",$D$2:$D$17661,">=12",$D$2:$D$17661,"<=17") -> 90.794444 | N9: =AVERAGEIFS($E$2:$E$17661,$C$2:$C$17661,">=1",$C$2:$C$17661,"<=5",$G$2:$G$17661,"=7",$D$2:$D$17661,">=12",$D$2:$D$17661,"<=17") -> 248.66667
A10: 42125.125 | B10: =DATE(YEAR(A10),MONTH(A10),DAY(A10)) -> 42125 | C10: =IF(NewCustomer="Yes", IF(COUNTIF($I$2:$I$11,B10)>0,0,WEEKDAY(B10,2)),IF(COUNTIF($I$2:$I$21,B10)>0,0,WEEKDAY(B10,2))) -> 5 | D10: =HOUR(A10) -> 3 | E10: =IFERROR(VLOOKUP(A10,'IDAR Meter Data'!$A:$B,2,1),"") -> 169 | F10: =IF(CECCZ="CZ03",'Outside Temp'!B10,IF(CECCZ="CZ04",'Outside Temp'!B11,IF(CECCZ="CZ12",'Outside Temp'!B12, IF(CECCZ="CZ13",'Outside Temp'!B13)))) -> 58.933333 | G10: =IF(F10<=65,1,IF(AND(F10<=70,F10>65),2,IF(AND(F10<=75,F10>70),3,IF(AND(F10<=80,F10>75),4,IF(AND(F10<=85,F10>80),5,IF(AND(F10<=90,F10>85),6,IF(AND(F10<=95,F10>90),7,IF(F10>95,8)))))))) -> 1 | I10: 42334 | J10: Thanksgiving Day
A11: 42125.135 | B11: =DATE(YEAR(A11),MONTH(A11),DAY(A11)) -> 42125 | C11: =IF(NewCustomer="Yes", IF(COUNTIF($I$2:$I$11,B11)>0,0,WEEKDAY(B11,2)),IF(COUNTIF($I$2:$I$21,B11)>0,0,WEEKDAY(B11,2))) -> 5 | D11: =HOUR(A11) -> 3 | E11: =IFERROR(VLOOKUP(A11,'IDAR Meter Data'!$A:$B,2,1),"") -> 180 | F11: =IF(CECCZ="CZ03",'Outside Temp'!B11,IF(CECCZ="CZ04",'Outside Temp'!B12,IF(CECCZ="CZ12",'Outside Temp'!B13, IF(CECCZ="CZ13",'Outside Temp'!B14)))) -> 58.683333 | G11: =IF(F11<=65,1,IF(AND(F11<=70,F11>65),2,IF(AND(F11<=75,F11>70),3,IF(AND(F11<=80,F11>75),4,IF(AND(F11<=85,F11>80),5,IF(AND(F11<=90,F11>85),6,IF(AND(F11<=95,F11>90),7,IF(F11>95,8)))))))) -> 1 | I11: 42363 | J11: Christmas Day
A12: 42125.146 | B12: =DATE(YEAR(A12),MONTH(A12),DAY(A12)) -> 42125 | C12: =IF(NewCustomer="Yes", IF(COUNTIF($I$2:$I$11,B12)>0,0,WEEKDAY(B12,2)),IF(COUNTIF($I$2:$I$21,B12)>0,0,WEEKDAY(B12,2))) -> 5 | D12: =HOUR(A12) -> 3 | E12: =IFERROR(VLOOKUP(A12,'IDAR Meter Data'!$A:$B,2,1),"") -> 171 | F12: =IF(CECCZ="CZ03",'Outside Temp'!B12,IF(CECCZ="CZ04",'Outside Temp'!B13,IF(CECCZ="CZ12",'Outside Temp'!B14, IF(CECCZ="CZ13",'Outside Temp'!B15)))) -> 58.433333 | G12: =IF(F12<=65,1,IF(AND(F12<=70,F12>65),2,IF(AND(F12<=75,F12>70),3,IF(AND(F12<=80,F12>75),4,IF(AND(F12<=85,F12>80),5,IF(AND(F12<=90,F12>85),6,IF(AND(F12<=95,F12>90),7,IF(F12>95,8)))))))) -> 1 | I12: 42167 | J12: 2015 ADR Days | L12: range_id | M12: avg_temp | N12: avg_demand
A13: 42125.156 | B13: =DATE(YEAR(A13),MONTH(A13),DAY(A13)) -> 42125 | C13: =IF(NewCustomer="Yes", IF(COUNTIF($I$2:$I$11,B13)>0,0,WEEKDAY(B13,2)),IF(COUNTIF($I$2:$I$21,B13)>0,0,WEEKDAY(B13,2))) -> 5 | D13: =HOUR(A13) -> 3 | E13: =IFERROR(VLOOKUP(A13,'IDAR Meter Data'!$A:$B,2,1),"") -> 180 | F13: =IF(CECCZ="CZ03",'Outside Temp'!B13,IF(CECCZ="CZ04",'Outside Temp'!B14,IF(CECCZ="CZ12",'Outside Temp'!B15, IF(CECCZ="CZ13",'Outside Temp'!B16)))) -> 58.183333 | G13: =IF(F13<=65,1,IF(AND(F13<=70,F13>65),2,IF(AND(F13<=75,F13>70),3,IF(AND(F13<=80,F13>75),4,IF(AND(F13<=85,F13>80),5,IF(AND(F13<=90,F13>85),6,IF(AND(F13<=95,F13>90),7,IF(F13>95,8)))))))) -> 1 | I13: 42180 | J13: 2015 ADR Days | L13: 1 | M13: 61.678659 | N13: 225.05376
A14: 42125.167 | B14: =DATE(YEAR(A14),MONTH(A14),DAY(A14)) -> 42125 | C14: =IF(NewCustomer="Yes", IF(COUNTIF($I$2:$I$11,B14)>0,0,WEEKDAY(B14,2)),IF(COUNTIF($I$2:$I$21,B14)>0,0,WEEKDAY(B14,2))) -> 5 | D14: =HOUR(A14) -> 4 | E14: =IFERROR(VLOOKUP(A14,'IDAR Meter Data'!$A:$B,2,1),"") -> 163 | F14: =IF(CECCZ="CZ03",'Outside Temp'!B14,IF(CECCZ="CZ04",'Outside Temp'!B15,IF(CECCZ="CZ12",'Outside Temp'!B16, IF(CECCZ="CZ13",'Outside Temp'!B17)))) -> 58 | G14: =IF(F14<=65,1,IF(AND(F14<=70,F14>65),2,IF(AND(F14<=75,F14>70),3,IF(AND(F14<=80,F14>75),4,IF(AND(F14<=85,F14>80),5,IF(AND(F14<=90,F14>85),6,IF(AND(F14<=95,F14>90),7,IF(F14>95,8)))))))) -> 1 | I14: 42181 | J14: 2015 ADR Days | L14: 2 | M14: 67.586186 | N14: 228.06927
A15: 42125.177 | B15: =DATE(YEAR(A15),MONTH(A15),DAY(A15)) -> 42125 | C15: =IF(NewCustomer="Yes", IF(COUNTIF($I$2:$I$11,B15)>0,0,WEEKDAY(B15,2)),IF(COUNTIF($I$2:$I$21,B15)>0,0,WEEKDAY(B15,2))) -> 5 | D15: =HOUR(A15) -> 4 | E15: =IFERROR(VLOOKUP(A15,'IDAR Meter Data'!$A:$B,2,1),"") -> 174 | F15: =IF(CECCZ="CZ03",'Outside Temp'!B15,IF(CECCZ="CZ04",'Outside Temp'!B16,IF(CECCZ="CZ12",'Outside Temp'!B17, IF(CECCZ="CZ13",'Outside Temp'!B18)))) -> 58 | G15: =IF(F15<=65,1,IF(AND(F15<=70,F15>65),2,IF(AND(F15<=75,F15>70),3,IF(AND(F15<=80,F15>75),4,IF(AND(F15<=85,F15>80),5,IF(AND(F15<=90,F15>85),6,IF(AND(F15<=95,F15>90),7,IF(F15>95,8)))))))) -> 1 | I15: 42186 | J15: 2015 ADR Days | L15: 3 | M15: 72.143406 | N15: 234.61406
A16: 42125.188 | B16: =DATE(YEAR(A16),MONTH(A16),DAY(A16)) -> 42125 | C16: =IF(NewCustomer="Yes", IF(COUNTIF($I$2:$I$11,B16)>0,0,WEEKDAY(B16,2)),IF(COUNTIF($I$2:$I$21,B16)>0,0,WEEKDAY(B16,2))) -> 5 | D16: =HOUR(A16) -> 4 | E16: =IFERROR(VLOOKUP(A16,'IDAR Meter Data'!$A:$B,2,1),"") -> 172 | F16: =IF(CECCZ="CZ03",'Outside Temp'!B16,IF(CECCZ="CZ04",'Outside Temp'!B17,IF(CECCZ="CZ12",'Outside Temp'!B18, IF(CECCZ="CZ13",'Outside Temp'!B19)))) -> 58 | G16: =IF(F16<=65,1,IF(AND(F16<=70,F16>65),2,IF(AND(F16<=75,F16>70),3,IF(AND(F16<=80,F16>75),4,IF(AND(F16<=85,F16>80),5,IF(AND(F16<=90,F16>85),6,IF(AND(F16<=95,F16>90),7,IF(F16>95,8)))))))) -> 1 | I16: 42213 | J16: 2015 ADR Days | L16: 4 | M16: 76.927068 | N16: 241.85308
A17: 42125.198 | B17: =DATE(YEAR(A17),MONTH(A17),DAY(A17)) -> 42125 | C17: =IF(NewCustomer="Yes", IF(COUNTIF($I$2:$I$11,B17)>0,0,WEEKDAY(B17,2)),IF(COUNTIF($I$2:$I$21,B17)>0,0,WEEKDAY(B17,2))) -> 5 | D17: =HOUR(A17) -> 4 | E17: =IFERROR(VLOOKUP(A17,'IDAR Meter Data'!$A:$B,2,1),"") -> 167 | F17: =IF(CECCZ="CZ03",'Outside Temp'!B17,IF(CECCZ="CZ04",'Outside Temp'!B18,IF(CECCZ="CZ12",'Outside Temp'!B19, IF(CECCZ="CZ13",'Outside Temp'!B20)))) -> 58 | G17: =IF(F17<=65,1,IF(AND(F17<=70,F17>65),2,IF(AND(F17<=75,F17>70),3,IF(AND(F17<=80,F17>75),4,IF(AND(F17<=85,F17>80),5,IF(AND(F17<=90,F17>85),6,IF(AND(F17<=95,F17>90),7,IF(F17>95,8)))))))) -> 1 | I17: 42214 | J17: 2015 ADR Days | L17: 5 | M17: 82.151587 | N17: 265.62025
A18: 42125.208 | B18: =DATE(YEAR(A18),MONTH(A18),DAY(A18)) -> 42125 | C18: =IF(NewCustomer="Yes", IF(COUNTIF($I$2:$I$11,B18)>0,0,WEEKDAY(B18,2)),IF(COUNTIF($I$2:$I$21,B18)>0,0,WEEKDAY(B18,2))) -> 5 | D18: =HOUR(A18) -> 5 | E18: =IFERROR(VLOOKUP(A18,'IDAR Meter Data'!$A:$B,2,1),"") -> 166 | F18: =IF(CECCZ="CZ03",'Outside Temp'!B18,IF(CECCZ="CZ04",'Outside Temp'!B19,IF(CECCZ="CZ12",'Outside Temp'!B20, IF(CECCZ="CZ13",'Outside Temp'!B21)))) -> 58.066667 | G18: =IF(F18<=65,1,IF(AND(F18<=70,F18>65),2,IF(AND(F18<=75,F18>70),3,IF(AND(F18<=80,F18>75),4,IF(AND(F18<=85,F18>80),5,IF(AND(F18<=90,F18>85),6,IF(AND(F18<=95,F18>90),7,IF(F18>95,8)))))))) -> 1 | I18: 42215 | J18: 2015 ADR Days | L18: 6 | M18: 87.592995 | N18: 251.02174
A19: 42125.219 | B19: =DATE(YEAR(A19),MONTH(A19),DAY(A19)) -> 42125 | C19: =IF(NewCustomer="Yes", IF(COUNTIF($I$2:$I$11,B19)>0,0,WEEKDAY(B19,2)),IF(COUNTIF($I$2:$I$21,B19)>0,0,WEEKDAY(B19,2))) -> 5 | D19: =HOUR(A19) -> 5 | E19: =IFERROR(VLOOKUP(A19,'IDAR Meter Data'!$A:$B,2,1),"") -> 163 | F19: =IF(CECCZ="CZ03",'Outside Temp'!B19,IF(CECCZ="CZ04",'Outside Temp'!B20,IF(CECCZ="CZ12",'Outside Temp'!B21, IF(CECCZ="CZ13",'Outside Temp'!B22)))) -> 58.316667 | G19: =IF(F19<=65,1,IF(AND(F19<=70,F19>65),2,IF(AND(F19<=75,F19>70),3,IF(AND(F19<=80,F19>75),4,IF(AND(F19<=85,F19>80),5,IF(AND(F19<=90,F19>85),6,IF(AND(F19<=95,F19>90),7,IF(F19>95,8)))))))) -> 1 | I19: 42233 | J19: 2015 ADR Days | L19: 7 | M19: 90.794444 | N19: 253.66667
A20: 42125.229 | B20: =DATE(YEAR(A20),MONTH(A20),DAY(A20)) -> 42125 | C20: =IF(NewCustomer="Yes", IF(COUNTIF($I$2:$I$11,B20)>0,0,WEEKDAY(B20,2)),IF(COUNTIF($I$2:$I$21,B20)>0,0,WEEKDAY(B20,2))) -> 5 | D20: =HOUR(A20) -> 5 | E20: =IFERROR(VLOOKUP(A20,'IDAR Meter Data'!$A:$B,2,1),"") -> 161 | F20: =IF(CECCZ="CZ03",'Outside Temp'!B20,IF(CECCZ="CZ04",'Outside Temp'!B21,IF(CECCZ="CZ12",'Outside Temp'!B22, IF(CECCZ="CZ13",'Outside Temp'!B23)))) -> 58.566667 | G20: =IF(F20<=65,1,IF(AND(F20<=70,F20>65),2,IF(AND(F20<=75,F20>70),3,IF(AND(F20<=80,F20>75),4,IF(AND(F20<=85,F20>80),5,IF(AND(F20<=90,F20>85),6,IF(AND(F20<=95,F20>90),7,IF(F20>95,8)))))))) -> 1 | I20: 42234 | J20: 2015 ADR Days
A21: 42125.24 | B21: =DATE(YEAR(A21),MONTH(A21),DAY(A21)) -> 42125 | C21: =IF(NewCustomer="Yes", IF(COUNTIF($I$2:$I$11,B21)>0,0,WEEKDAY(B21,2)),IF(COUNTIF($I$2:$I$21,B21)>0,0,WEEKDAY(B21,2))) -> 5 | D21: =HOUR(A21) -> 5 | E21: =IFERROR(VLOOKUP(A21,'IDAR Meter Data'!$A:$B,2,1),"") -> 169 | F21: =IF(CECCZ="CZ03",'Outside Temp'!B21,IF(CECCZ="CZ04",'Outside Temp'!B22,IF(CECCZ="CZ12",'Outside Temp'!B23, IF(CECCZ="CZ13",'Outside Temp'!B24)))) -> 58.816667 | G21: =IF(F21<=65,1,IF(AND(F21<=70,F21>65),2,IF(AND(F21<=75,F21>70),3,IF(AND(F21<=80,F21>75),4,IF(AND(F21<=85,F21>80),5,IF(AND(F21<=90,F21>85),6,IF(AND(F21<=95,F21>90),7,IF(F21>95,8)))))))) -> 1 | I21: 42243 | J21: 2015 ADR Days
A22: 42125.25 | B22: =DATE(YEAR(A22),MONTH(A22),DAY(A22)) -> 42125 | C22: =IF(NewCustomer="Yes", IF(COUNTIF($I$2:$I$11,B22)>0,0,WEEKDAY(B22,2)),IF(COUNTIF($I$2:$I$21,B22)>0,0,WEEKDAY(B22,2))) -> 5 | D22: =HOUR(A22) -> 6 | E22: =IFERROR(VLOOKUP(A22,'IDAR Meter Data'!$A:$B,2,1),"") -> 158 | F22: =IF(CECCZ="CZ03",'Outside Temp'!B22,IF(CECCZ="CZ04",'Outside Temp'!B23,IF(CECCZ="CZ12",'Outside Temp'!B24, IF(CECCZ="CZ13",'Outside Temp'!B25)))) -> 59.266667 | G22: =IF(F22<=65,1,IF(AND(F22<=70,F22>65),2,IF(AND(F22<=75,F22>70),3,IF(AND(F22<=80,F22>75),4,IF(AND(F22<=85,F22>80),5,IF(AND(F22<=90,F22>85),6,IF(AND(F22<=95,F22>90),7,IF(F22>95,8)))))))) -> 1
A23: 42125.26 | B23: =DATE(YEAR(A23),MONTH(A23),DAY(A23)) -> 42125 | C23: =IF(NewCustomer="Yes", IF(COUNTIF($I$2:$I$11,B23)>0,0,WEEKDAY(B23,2)),IF(COUNTIF($I$2:$I$21,B23)>0,0,WEEKDAY(B23,2))) -> 5 | D23: =HOUR(A23) -> 6 | E23: =IFERROR(VLOOKUP(A23,'IDAR Meter Data'!$A:$B,2,1),"") -> 167 | F23: =IF(CECCZ="CZ03",'Outside Temp'!B23,IF(CECCZ="CZ04",'Outside Temp'!B24,IF(CECCZ="CZ12",'Outside Temp'!B25, IF(CECCZ="CZ13",'Outside Temp'!B26)))) -> 60.266667 | G23: =IF(F23<=65,1,IF(AND(F23<=70,F23>65),2,IF(AND(F23<=75,F23>70),3,IF(AND(F23<=80,F23>75),4,IF(AND(F23<=85,F23>80),5,IF(AND(F23<=90,F23>85),6,IF(AND(F23<=95,F23>90),7,IF(F23>95,8)))))))) -> 1
A24: 42125.271 | B24: =DATE(YEAR(A24),MONTH(A24),DAY(A24)) -> 42125 | C24: =IF(NewCustomer="Yes", IF(COUNTIF($I$2:$I$11,B24)>0,0,WEEKDAY(B24,2)),IF(COUNTIF($I$2:$I$21,B24)>0,0,WEEKDAY(B24,2))) -> 5 | D24: =HOUR(A24) -> 6 | E24: =IFERROR(VLOOKUP(A24,'IDAR Meter Data'!$A:$B,2,1),"") -> 173 | F24: =IF(CECCZ="CZ03",'Outside Temp'!B24,IF(CECCZ="CZ04",'Outside Temp'!B25,IF(CECCZ="CZ12",'Outside Temp'!B26, IF(CECCZ="CZ13",'Outside Temp'!B27)))) -> 61.266667 | G24: =IF(F24<=65,1,IF(AND(F24<=70,F24>65),2,IF(AND(F24<=75,F24>70),3,IF(AND(F24<=80,F24>75),4,IF(AND(F24<=85,F24>80),5,IF(AND(F24<=90,F24>85),6,IF(AND(F24<=95,F24>90),7,IF(F24>95,8)))))))) -> 1
A25: 42125.281 | B25: =DATE(YEAR(A25),MONTH(A25),DAY(A25)) -> 42125 | C25: =IF(NewCustomer="Yes", IF(COUNTIF($I$2:$I$11,B25)>0,0,WEEKDAY(B25,2)),IF(COUNTIF($I$2:$I$21,B25)>0,0,WEEKDAY(B25,2))) -> 5 | D25: =HOUR(A25) -> 6 | E25: =IFERROR(VLOOKUP(A25,'IDAR Meter Data'!$A:$B,2,1),"") -> 164 | F25: =IF(CECCZ="CZ03",'Outside Temp'!B25,IF(CECCZ="CZ04",'Outside Temp'!B26,IF(CECCZ="CZ12",'Outside Temp'!B27, IF(CECCZ="CZ13",'Outside Temp'!B28)))) -> 62.266667 | G25: =IF(F25<=65,1,IF(AND(F25<=70,F25>65),2,IF(AND(F25<=75,F25>70),3,IF(AND(F25<=80,F25>75),4,IF(AND(F25<=85,F25>80),5,IF(AND(F25<=90,F25>85),6,IF(AND(F25<=95,F25>90),7,IF(F25>95,8)))))))) -> 1
A26: 42125.292 | B26: =DATE(YEAR(A26),MONTH(A26),DAY(A26)) -> 42125 | C26: =IF(NewCustomer="Yes", IF(COUNTIF($I$2:$I$11,B26)>0,0,WEEKDAY(B26,2)),IF(COUNTIF($I$2:$I$21,B26)>0,0,WEEKDAY(B26,2))) -> 5 | D26: =HOUR(A26) -> 7 | E26: =IFERROR(VLOOKUP(A26,'IDAR Meter Data'!$A:$B,2,1),"") -> 176 | F26: =IF(CECCZ="CZ03",'Outside Temp'!B26,IF(CECCZ="CZ04",'Outside Temp'!B27,IF(CECCZ="CZ12",'Outside Temp'!B28, IF(CECCZ="CZ13",'Outside Temp'!B29)))) -> 63.4 | G26: =IF(F26<=65,1,IF(AND(F26<=70,F26>65),2,IF(AND(F26<=75,F26>70),3,IF(AND(F26<=80,F26>75),4,IF(AND(F26<=85,F26>80),5,IF(AND(F26<=90,F26>85),6,IF(AND(F26<=95,F26>90),7,IF(F26>95,8)))))))) -> 1
A27: 42125.302 | B27: =DATE(YEAR(A27),MONTH(A27),DAY(A27)) -> 42125 | C27: =IF(NewCustomer="Yes", IF(COUNTIF($I$2:$I$11,B27)>0,0,WEEKDAY(B27,2)),IF(COUNTIF($I$2:$I$21,B27)>0,0,WEEKDAY(B27,2))) -> 5 | D27: =HOUR(A27) -> 7 | E27: =IFERROR(VLOOKUP(A27,'IDAR Meter Data'!$A:$B,2,1),"") -> 168 | F27: =IF(CECCZ="CZ03",'Outside Temp'!B27,IF(CECCZ="CZ04",'Outside Temp'!B28,IF(CECCZ="CZ12",'Outside Temp'!B29, IF(CECCZ="CZ13",'Outside Temp'!B30)))) -> 64.9 | G27: =IF(F27<=65,1,IF(AND(F27<=70,F27>65),2,IF(AND(F27<=75,F27>70),3,IF(AND(F27<=80,F27>75),4,IF(AND(F27<=85,F27>80),5,IF(AND(F27<=90,F27>85),6,IF(AND(F27<=95,F27>90),7,IF(F27>95,8)))))))) -> 1
A28: 42125.312 | B28: =DATE(YEAR(A28),MONTH(A28),DAY(A28)) -> 42125 | C28: =IF(NewCustomer="Yes", IF(COUNTIF($I$2:$I$11,B28)>0,0,WEEKDAY(B28,2)),IF(COUNTIF($I$2:$I$21,B28)>0,0,WEEKDAY(B28,2))) -> 5 | D28: =HOUR(A28) -> 7 | E28: =IFERROR(VLOOKUP(A28,'IDAR Meter Data'!$A:$B,2,1),"") -> 179 | F28: =IF(CECCZ="CZ03",'Outside Temp'!B28,IF(CECCZ="CZ04",'Outside Temp'!B29,IF(CECCZ="CZ12",'Outside Temp'!B30, IF(CECCZ="CZ13",'Outside Temp'!B31)))) -> 66.4 | G28: =IF(F28<=65,1,IF(AND(F28<=70,F28>65),2,IF(AND(F28<=75,F28>70),3,IF(AND(F28<=80,F28>75),4,IF(AND(F28<=85,F28>80),5,IF(AND(F28<=90,F28>85),6,IF(AND(F28<=95,F28>90),7,IF(F28>95,8)))))))) -> 2
A29: 42125.323 | B29: =DATE(YEAR(A29),MONTH(A29),DAY(A29)) -> 42125 | C29: =IF(NewCustomer="Yes", IF(COUNTIF($I$2:$I$11,B29)>0,0,WEEKDAY(B29,2)),IF(COUNTIF($I$2:$I$21,B29)>0,0,WEEKDAY(B29,2))) -> 5 | D29: =HOUR(A29) -> 7 | E29: =IFERROR(VLOOKUP(A29,'IDAR Meter Data'!$A:$B,2,1),"") -> 178 | F29: =IF(CECCZ="CZ03",'Outside Temp'!B29,IF(CECCZ="CZ04",'Outside Temp'!B30,IF(CECCZ="CZ12",'Outside Temp'!B31, IF(CECCZ="CZ13",'Outside Temp'!B32)))) -> 67.9 | G29: =IF(F29<=65,1,IF(AND(F29<=70,F29>65),2,IF(AND(F29<=75,F29>70),3,IF(AND(F29<=80,F29>75),4,IF(AND(F29<=85,F29>80),5,IF(AND(F29<=90,F29>85),6,IF(AND(F29<=95,F29>90),7,IF(F29>95,8)))))))) -> 2
A30: 42125.333 | B30: =DATE(YEAR(A30),MONTH(A30),DAY(A30)) -> 42125 | C30: =IF(NewCustomer="Yes", IF(COUNTIF($I$2:$I$11,B30)>0,0,WEEKDAY(B30,2)),IF(COUNTIF($I$2:$I$21,B30)>0,0,WEEKDAY(B30,2))) -> 5 | D30: =HOUR(A30) -> 8 | E30: =IFERROR(VLOOKUP(A30,'IDAR Meter Data'!$A:$B,2,1),"") -> 183 | F30: =IF(CECCZ="CZ03",'Outside Temp'!B30,IF(CECCZ="CZ04",'Outside Temp'!B31,IF(CECCZ="CZ12",'Outside Temp'!B32, IF(CECCZ="CZ13",'Outside Temp'!B33)))) -> 68.8 | G30: =IF(F30<=65,1,IF(AND(F30<=70,F30>65),2,IF(AND(F30<=75,F30>70),3,IF(AND(F30<=80,F30>75),4,IF(AND(F30<=85,F30>80),5,IF(AND(F30<=90,F30>85),6,IF(AND(F30<=95,F30>90),7,IF(F30>95,8)))))))) -> 2
A31: 42125.344 | B31: =DATE(YEAR(A31),MONTH(A31),DAY(A31)) -> 42125 | C31: =IF(NewCustomer="Yes", IF(COUNTIF($I$2:$I$11,B31)>0,0,WEEKDAY(B31,2)),IF(COUNTIF($I$2:$I$21,B31)>0,0,WEEKDAY(B31,2))) -> 5 | D31: =HOUR(A31) -> 8 | E31: =IFERROR(VLOOKUP(A31,'IDAR Meter Data'!$A:$B,2,1),"") -> 223 | F31: =IF(CECCZ="CZ03",'Outside Temp'!B31,IF(CECCZ="CZ04",'Outside Temp'!B32,IF(CECCZ="CZ12",'Outside Temp'!B33, IF(CECCZ="CZ13",'Outside Temp'!B34)))) -> 68.05 | G31: =IF(F31<=65,1,IF(AND(F31<=70,F31>65),2,IF(AND(F31<=75,F31>70),3,IF(AND(F31<=80,F31>75),4,IF(AND(F31<=85,F31>80),5,IF(AND(F31<=90,F31>85),6,IF(AND(F31<=95,F31>90),7,IF(F31>95,8)))))))) -> 2
A32: 42125.354 | B32: =DATE(YEAR(A32),MONTH(A32),DAY(A32)) -> 42125 | C32: =IF(NewCustomer="Yes", IF(COUNTIF($I$2:$I$11,B32)>0,0,WEEKDAY(B32,2)),IF(COUNTIF($I$2:$I$21,B32)>0,0,WEEKDAY(B32,2))) -> 5 | D32: =HOUR(A32) -> 8 | E32: =IFERROR(VLOOKUP(A32,'IDAR Meter Data'!$A:$B,2,1),"") -> 210 | F32: =IF(CECCZ="CZ03",'Outside Temp'!B32,IF(CECCZ="CZ04",'Outside Temp'!B33,IF(CECCZ="CZ12",'Outside Temp'!B34, IF(CECCZ="CZ13",'Outside Temp'!B35)))) -> 67.3 | G32: =IF(F32<=65,1,IF(AND(F32<=70,F32>65),2,IF(AND(F32<=75,F32>70),3,IF(AND(F32<=80,F32>75),4,IF(AND(F32<=85,F32>80),5,IF(AND(F32<=90,F32>85),6,IF(AND(F32<=95,F32>90),7,IF(F32>95,8)))))))) -> 2
A33: 42125.365 | B33: =DATE(YEAR(A33),MONTH(A33),DAY(A33)) -> 42125 | C33: =IF(NewCustomer="Yes", IF(COUNTIF($I$2:$I$11,B33)>0,0,WEEKDAY(B33,2)),IF(COUNTIF($I$2:$I$21,B33)>0,0,WEEKDAY(B33,2))) -> 5 | D33: =HOUR(A33) -> 8 | E33: =IFERROR(VLOOKUP(A33,'IDAR Meter Data'!$A:$B,2,1),"") -> 251 | F33: =IF(CECCZ="CZ03",'Outside Temp'!B33,IF(CECCZ="CZ04",'Outside Temp'!B34,IF(CECCZ="CZ12",'Outside Temp'!B35, IF(CECCZ="CZ13",'Outside Temp'!B36)))) -> 66.55 | G33: =IF(F33<=65,1,IF(AND(F33<=70,F33>65),2,IF(AND(F33<=75,F33>70),3,IF(AND(F33<=80,F33>75),4,IF(AND(F33<=85,F33>80),5,IF(AND(F33<=90,F33>85),6,IF(AND(F33<=95,F33>90),7,IF(F33>95,8)))))))) -> 2
... A17661: 42308.99 | B17661: =DATE(YEAR(A17661),MONTH(A17661),DAY(A17661)) -> 42308 | C17661: =IF(NewCustomer="Yes", IF(COUNTIF($I$2:$I$11,B17661)>0,0,WEEKDAY(B17661,2)),IF(COUNTIF($I$2:$I$21,B17661)>0,0,WEEKDAY(B17661,2))) -> 6 | D17661: =HOUR(A17661) -> 23 | E17661: =IFERROR(VLOOKUP(A17661,'IDAR Meter Data'!$A:$B,2,1),"") -> 92 | F17661: =IF(CECCZ="CZ03",'Outside Temp'!B17661,IF(CECCZ="CZ04",'Outside Temp'!B17662,IF(CECCZ="CZ12",'Outside Temp'!B17663, IF(CECCZ="CZ13",'Outside Temp'!B17664)))) -> 61 | G17661: =IF(F17661<=65,1,IF(AND(F17661<=70,F17661>65),2,IF(AND(F17661<=75,F17661>70),3,IF(AND(F17661<=80,F17661>75),4,IF(AND(F17661<=85,F17661>80),5,IF(AND(F17661<=90,F17661>85),6,IF(AND(F17661<=95,F17661>90),7,IF(F17661>95,8)))))))) -> 1

Sheet DR Calculation
A1: ='User Inputs and DR Shed Results'!B14 -> MediumOffice | B1: =CECCZ -> CZ03 | G1: precool | H1: temp reset
B2: TempRange | C2: hour | D2: power | E2: oat | F2: range | G2: =PrecoolDegrees -> 0 | H2: =TempResetDegrees -> 4 | I2: DR% | J2: DR (kW)
B3: =CSSB!$L$3 -> 1 | C3: 1 | D3: =CSSB!$N$3 -> 224.63356 | E3: =CSSB!$M$3 -> 61.692639 | F3: =IF(E3<75,1,IF(AND(E3>=75, E3<95),2,IF(E3>=95,3))) -> 1 | G3: =IF($B$1="CZ03",VLOOKUP(CECCZ&$A$1&$G$2&$H$2&$C3,CZ03TempReset,7,0),IF($B$1="CZ04",VLOOKUP(CECCZ&$A$1&$G$2&$H$2&$C3,CZ04TempReset,7,0),IF(CECCZ="CZ12",VLOOKUP(CECCZ&$A$1&$G$2&$H$2&$C3,CZ12TempReset,7,0),IF(CECCZ="CZ13",VLOOKUP(CECCZ&$A$1&$G$2&$H$2&$C3,CZ13TempReset,7,0))))) -> 0.1920332 | H3: =IF($B$1="CZ03",VLOOKUP(CECCZ&$A$1&$G$2&$H$2&$C3,CZ03TempReset,8,0),IF($B$1="CZ04",VLOOKUP(CECCZ&$A$1&$G$2&$H$2&$C3,CZ04TempReset,8,0),IF(CECCZ="CZ12",VLOOKUP(CECCZ&$A$1&$G$2&$H$2&$C3,CZ12TempReset,8,0),IF(CECCZ="CZ13",VLOOKUP(CECCZ&$A$1&$G$2&$H$2&$C3,CZ13TempReset,8,0))))) -> -4.7190127 | I3: =(E3*G3+H3)/100 -> 0.07128022 | J3: =D3*I3 -> 16.01193
B4: =CSSB!$L$3 -> 1 | C4: 1 | D4: =CSSB!$N$3 -> 224.63356 | E4: =CSSB!$M$3 -> 61.692639 | F4: =IF(E4<75,1,IF(AND(E4>=75, E4<95),2,IF(E4>=95,3))) -> 1 | G4: =IF($B$1="CZ03",VLOOKUP(CECCZ&$A$1&$G$2&$H$2&$C4,CZ03TempReset,7,0),IF($B$1="CZ04",VLOOKUP(CECCZ&$A$1&$G$2&$H$2&$C4,CZ04TempReset,7,0),IF(CECCZ="CZ12",VLOOKUP(CECCZ&$A$1&$G$2&$H$2&$C4,CZ12TempReset,7,0),IF(CECCZ="CZ13",VLOOKUP(CECCZ&$A$1&$G$2&$H$2&$C4,CZ13TempReset,7,0))))) -> 0.1920332 | H4: =IF($B$1="CZ03",VLOOKUP(CECCZ&$A$1&$G$2&$H$2&$C4,CZ03TempReset,8,0),IF($B$1="CZ04",VLOOKUP(CECCZ&$A$1&$G$2&$H$2&$C4,CZ04TempReset,8,0),IF(CECCZ="CZ12",VLOOKUP(CECCZ&$A$1&$G$2&$H$2&$C4,CZ12TempReset,8,0),IF(CECCZ="CZ13",VLOOKUP(CECCZ&$A$1&$G$2&$H$2&$C4,CZ13TempReset,8,0))))) -> -4.7190127 | I4: =(E4*G4+H4)/100 -> 0.07128022 | J4: =D4*I4 -> 16.01193
B5: =CSSB!$L$3 -> 1 | C5: 1 | D5: =CSSB!$N$3 -> 224.63356 | E5: =CSSB!$M$3 -> 61.692639 | F5: =IF(E5<75,1,IF(AND(E5>=75, E5<95),2,IF(E5>=95,3))) -> 1 | G5: =IF($B$1="CZ03",VLOOKUP(CECCZ&$A$1&$G$2&$H$2&$C5,CZ03TempReset,7,0),IF($B$1="CZ04",VLOOKUP(CECCZ&$A$1&$G$2&$H$2&$C5,CZ04TempReset,7,0),IF(CECCZ="CZ12",VLOOKUP(CECCZ&$A$1&$G$2&$H$2&$C5,CZ12TempReset,7,0),IF(CECCZ="CZ13",VLOOKUP(CECCZ&$A$1&$G$2&$H$2&$C5,CZ13TempReset,7,0))))) -> 0.1920332 | H5: =IF($B$1="CZ03",VLOOKUP(CECCZ&$A$1&$G$2&$H$2&$C5,CZ03TempReset,8,0),IF($B$1="CZ04",VLOOKUP(CECCZ&$A$1&$G$2&$H$2&$C5,CZ04TempReset,8,0),IF(CECCZ="CZ12",VLOOKUP(CECCZ&$A$1&$G$2&$H$2&$C5,CZ12TempReset,8,0),IF(CECCZ="CZ13",VLOOKUP(CECCZ&$A$1&$G$2&$H$2&$C5,CZ13TempReset,8,0))))) -> -4.7190127 | I5: =(E5*G5+H5)/100 -> 0.07128022 | J5: =D5*I5 -> 16.01193
B6: =CSSB!$L$3 -> 1 | C6: 1 | D6: =CSSB!$N$3 -> 224.63356 | E6: =CSSB!$M$3 -> 61.692639 | F6: =IF(E6<75,1,IF(AND(E6>=75, E6<95),2,IF(E6>=95,3))) -> 1 | G6: =IF($B$1="CZ03",VLOOKUP(CECCZ&$A$1&$G$2&$H$2&$C6,CZ03TempReset,7,0),IF($B$1="CZ04",VLOOKUP(CECCZ&$A$1&$G$2&$H$2&$C6,CZ04TempReset,7,0),IF(CECCZ="CZ12",VLOOKUP(CECCZ&$A$1&$G$2&$H$2&$C6,CZ12TempReset,7,0),IF(CECCZ="CZ13",VLOOKUP(CECCZ&$A$1&$G$2&$H$2&$C6,CZ13TempReset,7,0))))) -> 0.1920332 | H6: =IF($B$1="CZ03",VLOOKUP(CECCZ&$A$1&$G$2&$H$2&$C6,CZ03TempReset,8,0),IF($B$1="CZ04",VLOOKUP(CECCZ&$A$1&$G$2&$H$2&$C6,CZ04TempReset,8,0),IF(CECCZ="CZ12",VLOOKUP(CECCZ&$A$1&$G$2&$H$2&$C6,CZ12TempReset,8,0),IF(CECCZ="CZ13",VLOOKUP(CECCZ&$A$1&$G$2&$H$2&$C6,CZ13TempReset,8,0))))) -> -4.7190127 | I6: =(E6*G6+H6)/100 -> 0.07128022 | J6: =D6*I6 -> 16.01193
B7: =CSSB!$L$3 -> 1 | C7: 2 | D7: =CSSB!$N$3 -> 224.63356 | E7: =CSSB!$M$3 -> 61.692639 | F7: =IF(E7<75,1,IF(AND(E7>=75, E7<95),2,IF(E7>=95,3))) -> 1 | G7: =IF($B$1="CZ03",VLOOKUP(CECCZ&$A$1&$G$2&$H$2&$C7,CZ03TempReset,7,0),IF($B$1="CZ04",VLOOKUP(CECCZ&$A$1&$G$2&$H$2&$C7,CZ04TempReset,7,0),IF(CECCZ="CZ12",VLOOKUP(CECCZ&$A$1&$G$2&$H$2&$C7,CZ12TempReset,7,0),IF(CECCZ="CZ13",VLOOKUP(CECCZ&$A$1&$G$2&$H$2&$C7,CZ13TempReset,7,0))))) -> 0.021673981 | H7: =IF($B$1="CZ03",VLOOKUP(CECCZ&$A$1&$G$2&$H$2&$C7,CZ03TempReset,8,0),IF($B$1="CZ04",VLOOKUP(CECCZ&$A$1&$G$2&$H$2&$C7,CZ04TempReset,8,0),IF(CECCZ="CZ12",VLOOKUP(CECCZ&$A$1&$G$2&$H$2&$C7,CZ12TempReset,8,0),IF(CECCZ="CZ13",VLOOKUP(CECCZ&$A$1&$G$2&$H$2&$C7,CZ13TempReset,8,0))))) -> 9.8639142 | I7: =(E7*G7+H7)/100 -> 0.11201039 | J7: =D7*I7 -> 25.161294
B8: =CSSB!$L$3 -> 1 | C8: 2 | D8: =CSSB!$N$3 -> 224.63356 | E8: =CSSB!$M$3 -> 61.692639 | F8: =IF(E8<75,1,IF(AND(E8>=75, E8<95),2,IF(E8>=95,3))) -> 1 | G8: =IF($B$1="CZ03",VLOOKUP(CECCZ&$A$1&$G$2&$H$2&$C8,CZ03TempReset,7,0),IF($B$1="CZ04",VLOOKUP(CECCZ&$A$1&$G$2&$H$2&$C8,CZ04TempReset,7,0),IF(CECCZ="CZ12",VLOOKUP(CECCZ&$A$1&$G$2&$H$2&$C8,CZ12TempReset,7,0),IF(CECCZ="CZ13",VLOOKUP(CECCZ&$A$1&$G$2&$H$2&$C8,CZ13TempReset,7,0))))) -> 0.021673981 | H8: =IF($B$1="CZ03",VLOOKUP(CECCZ&$A$1&$G$2&$H$2&$C8,CZ03TempReset,8,0),IF($B$1="CZ04",VLOOKUP(CECCZ&$A$1&$G$2&$H$2&$C8,CZ04TempReset,8,0),IF(CECCZ="CZ12",VLOOKUP(CECCZ&$A$1&$G$2&$H$2&$C8,CZ12TempReset,8,0),IF(CECCZ="CZ13",VLOOKUP(CECCZ&$A$1&$G$2&$H$2&$C8,CZ13TempReset,8,0))))) -> 9.8639142 | I8: =(E8*G8+H8)/100 -> 0.11201039 | J8: =D8*I8 -> 25.161294
B9: =CSSB!$L$3 -> 1 | C9: 2 | D9: =CSSB!$N$3 -> 224.63356 | E9: =CSSB!$M$3 -> 61.692639 | F9: =IF(E9<75,1,IF(AND(E9>=75, E9<95),2,IF(E9>=95,3))) -> 1 | G9: =IF($B$1="CZ03",VLOOKUP(CECCZ&$A$1&$G$2&$H$2&$C9,CZ03TempReset,7,0),IF($B$1="CZ04",VLOOKUP(CECCZ&$A$1&$G$2&$H$2&$C9,CZ04TempReset,7,0),IF(CECCZ="CZ12",VLOOKUP(CECCZ&$A$1&$G$2&$H$2&$C9,CZ12TempReset,7,0),IF(CECCZ="CZ13",VLOOKUP(CECCZ&$A$1&$G$2&$H$2&$C9,CZ13TempReset,7,0))))) -> 0.021673981 | H9: =IF($B$1="CZ03",VLOOKUP(CECCZ&$A$1&$G$2&$H$2&$C9,CZ03TempReset,8,0),IF($B$1="CZ04",VLOOKUP(CECCZ&$A$1&$G$2&$H$2&$C9,CZ04TempReset,8,0),IF(CECCZ="CZ12",VLOOKUP(CECCZ&$A$1&$G$2&$H$2&$C9,CZ12TempReset,8,0),IF(CECCZ="CZ13",VLOOKUP(CECCZ&$A$1&$G$2&$H$2&$C9,CZ13TempReset,8,0))))) -> 9.8639142 | I9: =(E9*G9+H9)/100 -> 0.11201039 | J9: =D9*I9 -> 25.161294
B10: =CSSB!$L$3 -> 1 | C10: 2 | D10: =CSSB!$N$3 -> 224.63356 | E10: =CSSB!$M$3 -> 61.692639 | F10: =IF(E10<75,1,IF(AND(E10>=75, E10<95),2,IF(E10>=95,3))) -> 1 | G10: =IF($B$1="CZ03",VLOOKUP(CECCZ&$A$1&$G$2&$H$2&$C10,CZ03TempReset,7,0),IF($B$1="CZ04",VLOOKUP(CECCZ&$A$1&$G$2&$H$2&$C10,CZ04TempReset,7,0),IF(CECCZ="CZ12",VLOOKUP(CECCZ&$A$1&$G$2&$H$2&$C10,CZ12TempReset,7,0),IF(CECCZ="CZ13",VLOOKUP(CECCZ&$A$1&$G$2&$H$2&$C10,CZ13TempReset,7,0))))) -> 0.021673981 | H10: =IF($B$1="CZ03",VLOOKUP(CECCZ&$A$1&$G$2&$H$2&$C10,CZ03TempReset,8,0),IF($B$1="CZ04",VLOOKUP(CECCZ&$A$1&$G$2&$H$2&$C10,CZ04TempReset,8,0),IF(CECCZ="CZ12",VLOOKUP(CECCZ&$A$1&$G$2&$H$2&$C10,CZ12TempReset,8,0),IF(CECCZ="CZ13",VLOOKUP(CECCZ&$A$1&$G$2&$H$2&$C10,CZ13TempReset,8,0))))) -> 9.8639142 | I10: =(E10*G10+H10)/100 -> 0.11201039 | J10: =D10*I10 -> 25.161294
B11: =CSSB!$L$3 -> 1 | C11: 3 | D11: =CSSB!$N$3 -> 224.63356 | E11: =CSSB!$M$3 -> 61.692639 | F11: =IF(E11<75,1,IF(AND(E11>=75, E11<95),2,IF(E11>=95,3))) -> 1 | G11: =IF($B$1="CZ03",VLOOKUP(CECCZ&$A$1&$G$2&$H$2&$C11,CZ03TempReset,7,0),IF($B$1="CZ04",VLOOKUP(CECCZ&$A$1&$G$2&$H$2&$C11,CZ04TempReset,7,0),IF(CECCZ="CZ12",VLOOKUP(CECCZ&$A$1&$G$2&$H$2&$C11,CZ12TempReset,7,0),IF(CECCZ="CZ13",VLOOKUP(CECCZ&$A$1&$G$2&$H$2&$C11,CZ13TempReset,7,0))))) -> -0.011327212 | H11: =IF($B$1="CZ03",VLOOKUP(CECCZ&$A$1&$G$2&$H$2&$C11,CZ03TempReset,8,0),IF($B$1="CZ04",VLOOKUP(CECCZ&$A$1&$G$2&$H$2&$C11,CZ04TempReset,8,0),IF(CECCZ="CZ12",VLOOKUP(CECCZ&$A$1&$G$2&$H$2&$C11,CZ12TempReset,8,0),IF(CECCZ="CZ13",VLOOKUP(CECCZ&$A$1&$G$2&$H$2&$C11,CZ13TempReset,8,0))))) -> 12.447046 | I11: =(E11*G11+H11)/100 -> 0.1174824 | J11: =D11*I11 -> 26.39049
B12: =CSSB!$L$3 -> 1 | C12: 3 | D12: =CSSB!$N$3 -> 224.63356 | E12: =CSSB!$M$3 -> 61.692639 | F12: =IF(E12<75,1,IF(AND(E12>=75, E12<95),2,IF(E12>=95,3))) -> 1 | G12: =IF($B$1="CZ03",VLOOKUP(CECCZ&$A$1&$G$2&$H$2&$C12,CZ03TempReset,7,0),IF($B$1="CZ04",VLOOKUP(CECCZ&$A$1&$G$2&$H$2&$C12,CZ04TempReset,7,0),IF(CECCZ="CZ12",VLOOKUP(CECCZ&$A$1&$G$2&$H$2&$C12,CZ12TempReset,7,0),IF(CECCZ="CZ13",VLOOKUP(CECCZ&$A$1&$G$2&$H$2&$C12,CZ13TempReset,7,0))))) -> -0.011327212 | H12: =IF($B$1="CZ03",VLOOKUP(CECCZ&$A$1&$G$2&$H$2&$C12,CZ03TempReset,8,0),IF($B$1="CZ04",VLOOKUP(CECCZ&$A$1&$G$2&$H$2&$C12,CZ04TempReset,8,0),IF(CECCZ="CZ12",VLOOKUP(CECCZ&$A$1&$G$2&$H$2&$C12,CZ12TempReset,8,0),IF(CECCZ="CZ13",VLOOKUP(CECCZ&$A$1&$G$2&$H$2&$C12,CZ13TempReset,8,0))))) -> 12.447046 | I12: =(E12*G12+H12)/100 -> 0.1174824 | J12: =D12*I12 -> 26.39049
B13: =CSSB!$L$3 -> 1 | C13: 3 | D13: =CSSB!$N$3 -> 224.63356 | E13: =CSSB!$M$3 -> 61.692639 | F13: =IF(E13<75,1,IF(AND(E13>=75, E13<95),2,IF(E13>=95,3))) -> 1 | G13: =IF($B$1="CZ03",VLOOKUP(CECCZ&$A$1&$G$2&$H$2&$C13,CZ03TempReset,7,0),IF($B$1="CZ04",VLOOKUP(CECCZ&$A$1&$G$2&$H$2&$C13,CZ04TempReset,7,0),IF(CECCZ="CZ12",VLOOKUP(CECCZ&$A$1&$G$2&$H$2&$C13,CZ12TempReset,7,0),IF(CECCZ="CZ13",VLOOKUP(CECCZ&$A$1&$G$2&$H$2&$C13,CZ13TempReset,7,0))))) -> -0.011327212 | H13: =IF($B$1="CZ03",VLOOKUP(CECCZ&$A$1&$G$2&$H$2&$C13,CZ03TempReset,8,0),IF($B$1="CZ04",VLOOKUP(CECCZ&$A$1&$G$2&$H$2&$C13,CZ04TempReset,8,0),IF(CECCZ="CZ12",VLOOKUP(CECCZ&$A$1&$G$2&$H$2&$C13,CZ12TempReset,8,0),IF(CECCZ="CZ13",VLOOKUP(CECCZ&$A$1&$G$2&$H$2&$C13,CZ13TempReset,8,0))))) -> 12.447046 | I13: =(E13*G13+H13)/100 -> 0.1174824 | J13: =D13*I13 -> 26.39049
B14: =CSSB!$L$3 -> 1 | C14: 3 | D14: =CSSB!$N$3 -> 224.63356 | E14: =CSSB!$M$3 -> 61.692639 | F14: =IF(E14<75,1,IF(AND(E14>=75, E14<95),2,IF(E14>=95,3))) -> 1 | G14: =IF($B$1="CZ03",VLOOKUP(CECCZ&$A$1&$G$2&$H$2&$C14,CZ03TempReset,7,0),IF($B$1="CZ04",VLOOKUP(CECCZ&$A$1&$G$2&$H$2&$C14,CZ04TempReset,7,0),IF(CECCZ="CZ12",VLOOKUP(CECCZ&$A$1&$G$2&$H$2&$C14,CZ12TempReset,7,0),IF(CECCZ="CZ13",VLOOKUP(CECCZ&$A$1&$G$2&$H$2&$C14,CZ13TempReset,7,0))))) -> -0.011327212 | H14: =IF($B$1="CZ03",VLOOKUP(CECCZ&$A$1&$G$2&$H$2&$C14,CZ03TempReset,8,0),IF($B$1="CZ04",VLOOKUP(CECCZ&$A$1&$G$2&$H$2&$C14,CZ04TempReset,8,0),IF(CECCZ="CZ12",VLOOKUP(CECCZ&$A$1&$G$2&$H$2&$C14,CZ12TempReset,8,0),IF(CECCZ="CZ13",VLOOKUP(CECCZ&$A$1&$G$2&$H$2&$C14,CZ13TempReset,8,0))))) -> 12.447046 | I14: =(E14*G14+H14)/100 -> 0.1174824 | J14: =D14*I14 -> 26.39049
... B18: =CSSB!$L$3 -> 1 | C18: 4 | D18: =CSSB!$N$3 -> 224.63356 | E18: =CSSB!$M$3 -> 61.692639 | F18: =IF(E18<75,1,IF(AND(E18>=75, E18<95),2,IF(E18>=95,3))) -> 1 | G18: =IF($B$1="CZ03",VLOOKUP(CECCZ&$A$1&$G$2&$H$2&$C18,CZ03TempReset,7,0),IF($B$1="CZ04",VLOOKUP(CECCZ&$A$1&$G$2&$H$2&$C18,CZ04TempReset,7,0),IF(CECCZ="CZ12",VLOOKUP(CECCZ&$A$1&$G$2&$H$2&$C18,CZ12TempReset,7,0),IF(CECCZ="CZ13",VLOOKUP(CECCZ&$A$1&$G$2&$H$2&$C18,CZ13TempReset,7,0))))) -> -0.040987151 | H18: =IF($B$1="CZ03",VLOOKUP(CECCZ&$A$1&$G$2&$H$2&$C18,CZ03TempReset,8,0),IF($B$1="CZ04",VLOOKUP(CECCZ&$A$1&$G$2&$H$2&$C18,CZ04TempReset,8,0),IF(CECCZ="CZ12",VLOOKUP(CECCZ&$A$1&$G$2&$H$2&$C18,CZ12TempReset,8,0),IF(CECCZ="CZ13",VLOOKUP(CECCZ&$A$1&$G$2&$H$2&$C18,CZ13TempReset,8,0))))) -> 12.485388 | I18: =(E18*G18+H18)/100 -> 0.099567823 | J18: =D18*I18 -> 22.366275
B20: TempRange | C20: hour | D20: power | E20: oat | F20: range | G20: =PrecoolDegrees -> 0 | H20: =TempResetDegrees -> 4 | I20: DR% | J20: DR (kW)
B21: =CSSB!$L$4 -> 2 | C21: 1 | D21: =CSSB!$N$4 -> 227.47394 | E21: =CSSB!$M$4 -> 67.609237 | F21: =IF(E21<75,1,IF(AND(E21>=75, E21<95),2,IF(E21>=95,3))) -> 1 | G21: =IF($B$1="CZ03",VLOOKUP(CECCZ&$A$1&$G$2&$H$2&$C21,CZ03TempReset,7,0),IF($B$1="CZ04",VLOOKUP(CECCZ&$A$1&$G$2&$H$2&$C21,CZ04TempReset,7,0),IF(CECCZ="CZ12",VLOOKUP(CECCZ&$A$1&$G$2&$H$2&$C21,CZ12TempReset,7,0),IF(CECCZ="CZ13",VLOOKUP(CECCZ&$A$1&$G$2&$H$2&$C21,CZ13TempReset,7,0))))) -> 0.1920332 | H21: =IF($B$1="CZ03",VLOOKUP(CECCZ&$A$1&$G$2&$H$2&$C21,CZ03TempReset,8,0),IF($B$1="CZ04",VLOOKUP(CECCZ&$A$1&$G$2&$H$2&$C21,CZ04TempReset,8,0),IF(CECCZ="CZ12",VLOOKUP(CECCZ&$A$1&$G$2&$H$2&$C21,CZ12TempReset,8,0),IF(CECCZ="CZ13",VLOOKUP(CECCZ&$A$1&$G$2&$H$2&$C21,CZ13TempReset,8,0))))) -> -4.7190127 | I21: =(E21*G21+H21)/100 -> 0.082642053 | J21: =D21*I21 -> 18.798913
B22: =CSSB!$L$4 -> 2 | C22: 1 | D22: =CSSB!$N$4 -> 227.47394 | E22: =CSSB!$M$4 -> 67.609237 | F22: =IF(E22<75,1,IF(AND(E22>=75, E22<95),2,IF(E22>=95,3))) -> 1 | G22: =IF($B$1="CZ03",VLOOKUP(CECCZ&$A$1&$G$2&$H$2&$C22,CZ03TempReset,7,0),IF($B$1="CZ04",VLOOKUP(CECCZ&$A$1&$G$2&$H$2&$C22,CZ04TempReset,7,0),IF(CECCZ="CZ12",VLOOKUP(CECCZ&$A$1&$G$2&$H$2&$C22,CZ12TempReset,7,0),IF(CECCZ="CZ13",VLOOKUP(CECCZ&$A$1&$G$2&$H$2&$C22,CZ13TempReset,7,0))))) -> 0.1920332 | H22: =IF($B$1="CZ03",VLOOKUP(CECCZ&$A$1&$G$2&$H$2&$C22,CZ03TempReset,8,0),IF($B$1="CZ04",VLOOKUP(CECCZ&$A$1&$G$2&$H$2&$C22,CZ04TempReset,8,0),IF(CECCZ="CZ12",VLOOKUP(CECCZ&$A$1&$G$2&$H$2&$C22,CZ12TempReset,8,0),IF(CECCZ="CZ13",VLOOKUP(CECCZ&$A$1&$G$2&$H$2&$C22,CZ13TempReset,8,0))))) -> -4.7190127 | I22: =(E22*G22+H22)/100 -> 0.082642053 | J22: =D22*I22 -> 18.798913
B23: =CSSB!$L$4 -> 2 | C23: 1 | D23: =CSSB!$N$4 -> 227.47394 | E23: =CSSB!$M$4 -> 67.609237 | F23: =IF(E23<75,1,IF(AND(E23>=75, E23<95),2,IF(E23>=95,3))) -> 1 | G23: =IF($B$1="CZ03",VLOOKUP(CECCZ&$A$1&$G$2&$H$2&$C23,CZ03TempReset,7,0),IF($B$1="CZ04",VLOOKUP(CECCZ&$A$1&$G$2&$H$2&$C23,CZ04TempReset,7,0),IF(CECCZ="CZ12",VLOOKUP(CECCZ&$A$1&$G$2&$H$2&$C23,CZ12TempReset,7,0),IF(CECCZ="CZ13",VLOOKUP(CECCZ&$A$1&$G$2&$H$2&$C23,CZ13TempReset,7,0))))) -> 0.1920332 | H23: =IF($B$1="CZ03",VLOOKUP(CECCZ&$A$1&$G$2&$H$2&$C23,CZ03TempReset,8,0),IF($B$1="CZ04",VLOOKUP(CECCZ&$A$1&$G$2&$H$2&$C23,CZ04TempReset,8,0),IF(CECCZ="CZ12",VLOOKUP(CECCZ&$A$1&$G$2&$H$2&$C23,CZ12TempReset,8,0),IF(CECCZ="CZ13",VLOOKUP(CECCZ&$A$1&$G$2&$H$2&$C23,CZ13TempReset,8,0))))) -> -4.7190127 | I23: =(E23*G23+H23)/100 -> 0.082642053 | J23: =D23*I23 -> 18.798913
B24: =CSSB!$L$4 -> 2 | C24: 1 | D24: =CSSB!$N$4 -> 227.47394 | E24: =CSSB!$M$4 -> 67.609237 | F24: =IF(E24<75,1,IF(AND(E24>=75, E24<95),2,IF(E24>=95,3))) -> 1 | G24: =IF($B$1="CZ03",VLOOKUP(CECCZ&$A$1&$G$2&$H$2&$C24,CZ03TempReset,7,0),IF($B$1="CZ04",VLOOKUP(CECCZ&$A$1&$G$2&$H$2&$C24,CZ04TempReset,7,0),IF(CECCZ="CZ12",VLOOKUP(CECCZ&$A$1&$G$2&$H$2&$C24,CZ12TempReset,7,0),IF(CECCZ="CZ13",VLOOKUP(CECCZ&$A$1&$G$2&$H$2&$C24,CZ13TempReset,7,0))))) -> 0.1920332 | H24: =IF($B$1="CZ03",VLOOKUP(CECCZ&$A$1&$G$2&$H$2&$C24,CZ03TempReset,8,0),IF($B$1="CZ04",VLOOKUP(CECCZ&$A$1&$G$2&$H$2&$C24,CZ04TempReset,8,0),IF(CECCZ="CZ12",VLOOKUP(CECCZ&$A$1&$G$2&$H$2&$C24,CZ12TempReset,8,0),IF(CECCZ="CZ13",VLOOKUP(CECCZ&$A$1&$G$2&$H$2&$C24,CZ13TempReset,8,0))))) -> -4.7190127 | I24: =(E24*G24+H24)/100 -> 0.082642053 | J24: =D24*I24 -> 18.798913
B25: =CSSB!$L$4 -> 2 | C25: 2 | D25: =CSSB!$N$4 -> 227.47394 | E25: =CSSB!$M$4 -> 67.609237 | F25: =IF(E25<75,1,IF(AND(E25>=75, E25<95),2,IF(E25>=95,3))) -> 1 | G25: =IF($B$1="CZ03",VLOOKUP(CECCZ&$A$1&$G$2&$H$2&$C25,CZ03TempReset,7,0),IF($B$1="CZ04",VLOOKUP(CECCZ&$A$1&$G$2&$H$2&$C25,CZ04TempReset,7,0),IF(CECCZ="CZ12",VLOOKUP(CECCZ&$A$1&$G$2&$H$2&$C25,CZ12TempReset,7,0),IF(CECCZ="CZ13",VLOOKUP(CECCZ&$A$1&$G$2&$H$2&$C25,CZ13TempReset,7,0))))) -> 0.021673981 | H25: =IF($B$1="CZ03",VLOOKUP(CECCZ&$A$1&$G$2&$H$2&$C25,CZ03TempReset,8,0),IF($B$1="CZ04",VLOOKUP(CECCZ&$A$1&$G$2&$H$2&$C25,CZ04TempReset,8,0),IF(CECCZ="CZ12",VLOOKUP(CECCZ&$A$1&$G$2&$H$2&$C25,CZ12TempReset,8,0),IF(CECCZ="CZ13",VLOOKUP(CECCZ&$A$1&$G$2&$H$2&$C25,CZ13TempReset,8,0))))) -> 9.8639142 | I25: =(E25*G25+H25)/100 -> 0.11329276 | J25: =D25*I25 -> 25.771149
B26: =CSSB!$L$4 -> 2 | C26: 2 | D26: =CSSB!$N$4 -> 227.47394 | E26: =CSSB!$M$4 -> 67.609237 | F26: =IF(E26<75,1,IF(AND(E26>=75, E26<95),2,IF(E26>=95,3))) -> 1 | G26: =IF($B$1="CZ03",VLOOKUP(CECCZ&$A$1&$G$2&$H$2&$C26,CZ03TempReset,7,0),IF($B$1="CZ04",VLOOKUP(CECCZ&$A$1&$G$2&$H$2&$C26,CZ04TempReset,7,0),IF(CECCZ="CZ12",VLOOKUP(CECCZ&$A$1&$G$2&$H$2&$C26,CZ12TempReset,7,0),IF(CECCZ="CZ13",VLOOKUP(CECCZ&$A$1&$G$2&$H$2&$C26,CZ13TempReset,7,0))))) -> 0.021673981 | H26: =IF($B$1="CZ03",VLOOKUP(CECCZ&$A$1&$G$2&$H$2&$C26,CZ03TempReset,8,0),IF($B$1="CZ04",VLOOKUP(CECCZ&$A$1&$G$2&$H$2&$C26,CZ04TempReset,8,0),IF(CECCZ="CZ12",VLOOKUP(CECCZ&$A$1&$G$2&$H$2&$C26,CZ12TempReset,8,0),IF(CECCZ="CZ13",VLOOKUP(CECCZ&$A$1&$G$2&$H$2&$C26,CZ13TempReset,8,0))))) -> 9.8639142 | I26: =(E26*G26+H26)/100 -> 0.11329276 | J26: =D26*I26 -> 25.771149
B27: =CSSB!$L$4 -> 2 | C27: 2 | D27: =CSSB!$N$4 -> 227.47394 | E27: =CSSB!$M$4 -> 67.609237 | F27: =IF(E27<75,1,IF(AND(E27>=75, E27<95),2,IF(E27>=95,3))) -> 1 | G27: =IF($B$1="CZ03",VLOOKUP(CECCZ&$A$1&$G$2&$H$2&$C27,CZ03TempReset,7,0),IF($B$1="CZ04",VLOOKUP(CECCZ&$A$1&$G$2&$H$2&$C27,CZ04TempReset,7,0),IF(CECCZ="CZ12",VLOOKUP(CECCZ&$A$1&$G$2&$H$2&$C27,CZ12TempReset,7,0),IF(CECCZ="CZ13",VLOOKUP(CECCZ&$A$1&$G$2&$H$2&$C27,CZ13TempReset,7,0))))) -> 0.021673981 | H27: =IF($B$1="CZ03",VLOOKUP(CECCZ&$A$1&$G$2&$H$2&$C27,CZ03TempReset,8,0),IF($B$1="CZ04",VLOOKUP(CECCZ&$A$1&$G$2&$H$2&$C27,CZ04TempReset,8,0),IF(CECCZ="CZ12",VLOOKUP(CECCZ&$A$1&$G$2&$H$2&$C27,CZ12TempReset,8,0),IF(CECCZ="CZ13",VLOOKUP(CECCZ&$A$1&$G$2&$H$2&$C27,CZ13TempReset,8,0))))) -> 9.8639142 | I27: =(E27*G27+H27)/100 -> 0.11329276 | J27: =D27*I27 -> 25.771149
B28: =CSSB!$L$4 -> 2 | C28: 2 | D28: =CSSB!$N$4 -> 227.47394 | E28: =CSSB!$M$4 -> 67.609237 | F28: =IF(E28<75,1,IF(AND(E28>=75, E28<95),2,IF(E28>=95,3))) -> 1 | G28: =IF($B$1="CZ03",VLOOKUP(CECCZ&$A$1&$G$2&$H$2&$C28,CZ03TempReset,7,0),IF($B$1="CZ04",VLOOKUP(CECCZ&$A$1&$G$2&$H$2&$C28,CZ04TempReset,7,0),IF(CECCZ="CZ12",VLOOKUP(CECCZ&$A$1&$G$2&$H$2&$C28,CZ12TempReset,7,0),IF(CECCZ="CZ13",VLOOKUP(CECCZ&$A$1&$G$2&$H$2&$C28,CZ13TempReset,7,0))))) -> 0.021673981 | H28: =IF($B$1="CZ03",VLOOKUP(CECCZ&$A$1&$G$2&$H$2&$C28,CZ03TempReset,8,0),IF($B$1="CZ04",VLOOKUP(CECCZ&$A$1&$G$2&$H$2&$C28,CZ04TempReset,8,0),IF(CECCZ="CZ12",VLOOKUP(CECCZ&$A$1&$G$2&$H$2&$C28,CZ12TempReset,8,0),IF(CECCZ="CZ13",VLOOKUP(CECCZ&$A$1&$G$2&$H$2&$C28,CZ13TempReset,8,0))))) -> 9.8639142 | I28: =(E28*G28+H28)/100 -> 0.11329276 | J28: =D28*I28 -> 25.771149
B29: =CSSB!$L$4 -> 2 | C29: 3 | D29: =CSSB!$N$4 -> 227.47394 | E29: =CSSB!$M$4 -> 67.609237 | F29: =IF(E29<75,1,IF(AND(E29>=75, E29<95),2,IF(E29>=95,3))) -> 1 | G29: =IF($B$1="CZ03",VLOOKUP(CECCZ&$A$1&$G$2&$H$2&$C29,CZ03TempReset,7,0),IF($B$1="CZ04",VLOOKUP(CECCZ&$A$1&$G$2&$H$2&$C29,CZ04TempReset,7,0),IF(CECCZ="CZ12",VLOOKUP(CECCZ&$A$1&$G$2&$H$2&$C29,CZ12TempReset,7,0),IF(CECCZ="CZ13",VLOOKUP(CECCZ&$A$1&$G$2&$H$2&$C29,CZ13TempReset,7,0))))) -> -0.011327212 | H29: =IF($B$1="CZ03",VLOOKUP(CECCZ&$A$1&$G$2&$H$2&$C29,CZ03TempReset,8,0),IF($B$1="CZ04",VLOOKUP(CECCZ&$A$1&$G$2&$H$2&$C29,CZ04TempReset,8,0),IF(CECCZ="CZ12",VLOOKUP(CECCZ&$A$1&$G$2&$H$2&$C29,CZ12TempReset,8,0),IF(CECCZ="CZ13",VLOOKUP(CECCZ&$A$1&$G$2&$H$2&$C29,CZ13TempReset,8,0))))) -> 12.447046 | I29: =(E29*G29+H29)/100 -> 0.11681222 | J29: =D29*I29 -> 26.571735
B30: =CSSB!$L$4 -> 2 | C30: 3 | D30: =CSSB!$N$4 -> 227.47394 | E30: =CSSB!$M$4 -> 67.609237 | F30: =IF(E30<75,1,IF(AND(E30>=75, E30<95),2,IF(E30>=95,3))) -> 1 | G30: =IF($B$1="CZ03",VLOOKUP(CECCZ&$A$1&$G$2&$H$2&$C30,CZ03TempReset,7,0),IF($B$1="CZ04",VLOOKUP(CECCZ&$A$1&$G$2&$H$2&$C30,CZ04TempReset,7,0),IF(CECCZ="CZ12",VLOOKUP(CECCZ&$A$1&$G$2&$H$2&$C30,CZ12TempReset,7,0),IF(CECCZ="CZ13",VLOOKUP(CECCZ&$A$1&$G$2&$H$2&$C30,CZ13TempReset,7,0))))) -> -0.011327212 | H30: =IF($B$1="CZ03",VLOOKUP(CECCZ&$A$1&$G$2&$H$2&$C30,CZ03TempReset,8,0),IF($B$1="CZ04",VLOOKUP(CECCZ&$A$1&$G$2&$H$2&$C30,CZ04TempReset,8,0),IF(CECCZ="CZ12",VLOOKUP(CECCZ&$A$1&$G$2&$H$2&$C30,CZ12TempReset,8,0),IF(CECCZ="CZ13",VLOOKUP(CECCZ&$A$1&$G$2&$H$2&$C30,CZ13TempReset,8,0))))) -> 12.447046 | I30: =(E30*G30+H30)/100 -> 0.11681222 | J30: =D30*I30 -> 26.571735
B31: =CSSB!$L$4 -> 2 | C31: 3 | D31: =CSSB!$N$4 -> 227.47394 | E31: =CSSB!$M$4 -> 67.609237 | F31: =IF(E31<75,1,IF(AND(E31>=75, E31<95),2,IF(E31>=95,3))) -> 1 | G31: =IF($B$1="CZ03",VLOOKUP(CECCZ&$A$1&$G$2&$H$2&$C31,CZ03TempReset,7,0),IF($B$1="CZ04",VLOOKUP(CECCZ&$A$1&$G$2&$H$2&$C31,CZ04TempReset,7,0),IF(CECCZ="CZ12",VLOOKUP(CECCZ&$A$1&$G$2&$H$2&$C31,CZ12TempReset,7,0),IF(CECCZ="CZ13",VLOOKUP(CECCZ&$A$1&$G$2&$H$2&$C31,CZ13TempReset,7,0))))) -> -0.011327212 | H31: =IF($B$1="CZ03",VLOOKUP(CECCZ&$A$1&$G$2&$H$2&$C31,CZ03TempReset,8,0),IF($B$1="CZ04",VLOOKUP(CECCZ&$A$1&$G$2&$H$2&$C31,CZ04TempReset,8,0),IF(CECCZ="CZ12",VLOOKUP(CECCZ&$A$1&$G$2&$H$2&$C31,CZ12TempReset,8,0),IF(CECCZ="CZ13",VLOOKUP(CECCZ&$A$1&$G$2&$H$2&$C31,CZ13TempReset,8,0))))) -> 12.447046 | I31: =(E31*G31+H31)/100 -> 0.11681222 | J31: =D31*I31 -> 26.571735
B32: =CSSB!$L$4 -> 2 | C32: 3 | D32: =CSSB!$N$4 -> 227.47394 | E32: =CSSB!$M$4 -> 67.609237 | F32: =IF(E32<75,1,IF(AND(E32>=75, E32<95),2,IF(E32>=95,3))) -> 1 | G32: =IF($B$1="CZ03",VLOOKUP(CECCZ&$A$1&$G$2&$H$2&$C32,CZ03TempReset,7,0),IF($B$1="CZ04",VLOOKUP(CECCZ&$A$1&$G$2&$H$2&$C32,CZ04TempReset,7,0),IF(CECCZ="CZ12",VLOOKUP(CECCZ&$A$1&$G$2&$H$2&$C32,CZ12TempReset,7,0),IF(CECCZ="CZ13",VLOOKUP(CECCZ&$A$1&$G$2&$H$2&$C32,CZ13TempReset,7,0))))) -> -0.011327212 | H32: =IF($B$1="CZ03",VLOOKUP(CECCZ&$A$1&$G$2&$H$2&$C32,CZ03TempReset,8,0),IF($B$1="CZ04",VLOOKUP(CECCZ&$A$1&$G$2&$H$2&$C32,CZ04TempReset,8,0),IF(CECCZ="CZ12",VLOOKUP(CECCZ&$A$1&$G$2&$H$2&$C32,CZ12TempReset,8,0),IF(CECCZ="CZ13",VLOOKUP(CECCZ&$A$1&$G$2&$H$2&$C32,CZ13TempReset,8,0))))) -> 12.447046 | I32: =(E32*G32+H32)/100 -> 0.11681222 | J32: =D32*I32 -> 26.571735
... B36: =CSSB!$L$4 -> 2 | C36: 4 | D36: =CSSB!$N$4 -> 227.47394 | E36: =CSSB!$M$4 -> 67.609237 | F36: =IF(E36<75,1,IF(AND(E36>=75, E36<95),2,IF(E36>=95,3))) -> 1 | G36: =IF($B$1="CZ03",VLOOKUP(CECCZ&$A$1&$G$2&$H$2&$C36,CZ03TempReset,7,0),IF($B$1="CZ04",VLOOKUP(CECCZ&$A$1&$G$2&$H$2&$C36,CZ04TempReset,7,0),IF(CECCZ="CZ12",VLOOKUP(CECCZ&$A$1&$G$2&$H$2&$C36,CZ12TempReset,7,0),IF(CECCZ="CZ13",VLOOKUP(CECCZ&$A$1&$G$2&$H$2&$C36,CZ13TempReset,7,0))))) -> -0.040987151 | H36: =IF($B$1="CZ03",VLOOKUP(CECCZ&$A$1&$G$2&$H$2&$C36,CZ03TempReset,8,0),IF($B$1="CZ04",VLOOKUP(CECCZ&$A$1&$G$2&$H$2&$C36,CZ04TempReset,8,0),IF(CECCZ="CZ12",VLOOKUP(CECCZ&$A$1&$G$2&$H$2&$C36,CZ12TempReset,8,0),IF(CECCZ="CZ13",VLOOKUP(CECCZ&$A$1&$G$2&$H$2&$C36,CZ13TempReset,8,0))))) -> 12.485388 | I36: =(E36*G36+H36)/100 -> 0.097142778 | J36: =D36*I36 -> 22.09745
B38: TempRange | C38: hour | D38: power | E38: oat | F38: range | G38: =PrecoolDegrees -> 0 | H38: =TempResetDegrees -> 4 | I38: DR% | J38: DR (kW)
B39: =CSSB!$L$5 -> 3 | C39: 1 | D39: =CSSB!$N$5 -> 234.90573 | E39: =CSSB!$M$5 -> 72.139614 | F39: =IF(E39<75,1,IF(AND(E39>=75, E39<95),2,IF(E39>=95,3))) -> 1 | G39: =IF($B$1="CZ03",VLOOKUP(CECCZ&$A$1&$G$2&$H$2&$C39,CZ03TempReset,7,0),IF($B$1="CZ04",VLOOKUP(CECCZ&$A$1&$G$2&$H$2&$C39,CZ04TempReset,7,0),IF(CECCZ="CZ12",VLOOKUP(CECCZ&$A$1&$G$2&$H$2&$C39,CZ12TempReset,7,0),IF(CECCZ="CZ13",VLOOKUP(CECCZ&$A$1&$G$2&$H$2&$C39,CZ13TempReset,7,0))))) -> 0.1920332 | H39: =IF($B$1="CZ03",VLOOKUP(CECCZ&$A$1&$G$2&$H$2&$C39,CZ03TempReset,8,0),IF($B$1="CZ04",VLOOKUP(CECCZ&$A$1&$G$2&$H$2&$C39,CZ04TempReset,8,0),IF(CECCZ="CZ12",VLOOKUP(CECCZ&$A$1&$G$2&$H$2&$C39,CZ12TempReset,8,0),IF(CECCZ="CZ13",VLOOKUP(CECCZ&$A$1&$G$2&$H$2&$C39,CZ13TempReset,8,0))))) -> -4.7190127 | I39: =(E39*G39+H39)/100 -> 0.091341882 | J39: =D39*I39 -> 21.456732
B40: =CSSB!$L$5 -> 3 | C40: 1 | D40: =CSSB!$N$5 -> 234.90573 | E40: =CSSB!$M$5 -> 72.139614 | F40: =IF(E40<75,1,IF(AND(E40>=75, E40<95),2,IF(E40>=95,3))) -> 1 | G40: =IF($B$1="CZ03",VLOOKUP(CECCZ&$A$1&$G$2&$H$2&$C40,CZ03TempReset,7,0),IF($B$1="CZ04",VLOOKUP(CECCZ&$A$1&$G$2&$H$2&$C40,CZ04TempReset,7,0),IF(CECCZ="CZ12",VLOOKUP(CECCZ&$A$1&$G$2&$H$2&$C40,CZ12TempReset,7,0),IF(CECCZ="CZ13",VLOOKUP(CECCZ&$A$1&$G$2&$H$2&$C40,CZ13TempReset,7,0))))) -> 0.1920332 | H40: =IF($B$1="CZ03",VLOOKUP(CECCZ&$A$1&$G$2&$H$2&$C40,CZ03TempReset,8,0),IF($B$1="CZ04",VLOOKUP(CECCZ&$A$1&$G$2&$H$2&$C40,CZ04TempReset,8,0),IF(CECCZ="CZ12",VLOOKUP(CECCZ&$A$1&$G$2&$H$2&$C40,CZ12TempReset,8,0),IF(CECCZ="CZ13",VLOOKUP(CECCZ&$A$1&$G$2&$H$2&$C40,CZ13TempReset,8,0))))) -> -4.7190127 | I40: =(E40*G40+H40)/100 -> 0.091341882 | J40: =D40*I40 -> 21.456732
B41: =CSSB!$L$5 -> 3 | C41: 1 | D41: =CSSB!$N$5 -> 234.90573 | E41: =CSSB!$M$5 -> 72.139614 | F41: =IF(E41<75,1,IF(AND(E41>=75, E41<95),2,IF(E41>=95,3))) -> 1 | G41: =IF($B$1="CZ03",VLOOKUP(CECCZ&$A$1&$G$2&$H$2&$C41,CZ03TempReset,7,0),IF($B$1="CZ04",VLOOKUP(CECCZ&$A$1&$G$2&$H$2&$C41,CZ04TempReset,7,0),IF(CECCZ="CZ12",VLOOKUP(CECCZ&$A$1&$G$2&$H$2&$C41,CZ12TempReset,7,0),IF(CECCZ="CZ13",VLOOKUP(CECCZ&$A$1&$G$2&$H$2&$C41,CZ13TempReset,7,0))))) -> 0.1920332 | H41: =IF($B$1="CZ03",VLOOKUP(CECCZ&$A$1&$G$2&$H$2&$C41,CZ03TempReset,8,0),IF($B$1="CZ04",VLOOKUP(CECCZ&$A$1&$G$2&$H$2&$C41,CZ04TempReset,8,0),IF(CECCZ="CZ12",VLOOKUP(CECCZ&$A$1&$G$2&$H$2&$C41,CZ12TempReset,8,0),IF(CECCZ="CZ13",VLOOKUP(CECCZ&$A$1&$G$2&$H$2&$C41,CZ13TempReset,8,0))))) -> -4.7190127 | I41: =(E41*G41+H41)/100 -> 0.091341882 | J41: =D41*I41 -> 21.456732
B42: =CSSB!$L$5 -> 3 | C42: 1 | D42: =CSSB!$N$5 -> 234.90573 | E42: =CSSB!$M$5 -> 72.139614 | F42: =IF(E42<75,1,IF(AND(E42>=75, E42<95),2,IF(E42>=95,3))) -> 1 | G42: =IF($B$1="CZ03",VLOOKUP(CECCZ&$A$1&$G$2&$H$2&$C42,CZ03TempReset,7,0),IF($B$1="CZ04",VLOOKUP(CECCZ&$A$1&$G$2&$H$2&$C42,CZ04TempReset,7,0),IF(CECCZ="CZ12",VLOOKUP(CECCZ&$A$1&$G$2&$H$2&$C42,CZ12TempReset,7,0),IF(CECCZ="CZ13",VLOOKUP(CECCZ&$A$1&$G$2&$H$2&$C42,CZ13TempReset,7,0))))) -> 0.1920332 | H42: =IF($B$1="CZ03",VLOOKUP(CECCZ&$A$1&$G$2&$H$2&$C42,CZ03TempReset,8,0),IF($B$1="CZ04",VLOOKUP(CECCZ&$A$1&$G$2&$H$2&$C42,CZ04TempReset,8,0),IF(CECCZ="CZ12",VLOOKUP(CECCZ&$A$1&$G$2&$H$2&$C42,CZ12TempReset,8,0),IF(CECCZ="CZ13",VLOOKUP(CECCZ&$A$1&$G$2&$H$2&$C42,CZ13TempReset,8,0))))) -> -4.7190127 | I42: =(E42*G42+H42)/100 -> 0.091341882 | J42: =D42*I42 -> 21.456732
B43: =CSSB!$L$5 -> 3 | C43: 2 | D43: =CSSB!$N$5 -> 234.90573 | E43: =CSSB!$M$5 -> 72.139614 | F43: =IF(E43<75,1,IF(AND(E43>=75, E43<95),2,IF(E43>=95,3))) -> 1 | G43: =IF($B$1="CZ03",VLOOKUP(CECCZ&$A$1&$G$2&$H$2&$C43,CZ03TempReset,7,0),IF($B$1="CZ04",VLOOKUP(CECCZ&$A$1&$G$2&$H$2&$C43,CZ04TempReset,7,0),IF(CECCZ="CZ12",VLOOKUP(CECCZ&$A$1&$G$2&$H$2&$C43,CZ12TempReset,7,0),IF(CECCZ="CZ13",VLOOKUP(CECCZ&$A$1&$G$2&$H$2&$C43,CZ13TempReset,7,0))))) -> 0.021673981 | H43: =IF($B$1="CZ03",VLOOKUP(CECCZ&$A$1&$G$2&$H$2&$C43,CZ03TempReset,8,0),IF($B$1="CZ04",VLOOKUP(CECCZ&$A$1&$G$2&$H$2&$C43,CZ04TempReset,8,0),IF(CECCZ="CZ12",VLOOKUP(CECCZ&$A$1&$G$2&$H$2&$C43,CZ12TempReset,8,0),IF(CECCZ="CZ13",VLOOKUP(CECCZ&$A$1&$G$2&$H$2&$C43,CZ13TempReset,8,0))))) -> 9.8639142 | I43: =(E43*G43+H43)/100 -> 0.11427467 | J43: =D43*I43 -> 26.843775
B44: =CSSB!$L$5 -> 3 | C44: 2 | D44: =CSSB!$N$5 -> 234.90573 | E44: =CSSB!$M$5 -> 72.139614 | F44: =IF(E44<75,1,IF(AND(E44>=75, E44<95),2,IF(E44>=95,3))) -> 1 | G44: =IF($B$1="CZ03",VLOOKUP(CECCZ&$A$1&$G$2&$H$2&$C44,CZ03TempReset,7,0),IF($B$1="CZ04",VLOOKUP(CECCZ&$A$1&$G$2&$H$2&$C44,CZ04TempReset,7,0),IF(CECCZ="CZ12",VLOOKUP(CECCZ&$A$1&$G$2&$H$2&$C44,CZ12TempReset,7,0),IF(CECCZ="CZ13",VLOOKUP(CECCZ&$A$1&$G$2&$H$2&$C44,CZ13TempReset,7,0))))) -> 0.021673981 | H44: =IF($B$1="CZ03",VLOOKUP(CECCZ&$A$1&$G$2&$H$2&$C44,CZ03TempReset,8,0),IF($B$1="CZ04",VLOOKUP(CECCZ&$A$1&$G$2&$H$2&$C44,CZ04TempReset,8,0),IF(CECCZ="CZ12",VLOOKUP(CECCZ&$A$1&$G$2&$H$2&$C44,CZ12TempReset,8,0),IF(CECCZ="CZ13",VLOOKUP(CECCZ&$A$1&$G$2&$H$2&$C44,CZ13TempReset,8,0))))) -> 9.8639142 | I44: =(E44*G44+H44)/100 -> 0.11427467 | J44: =D44*I44 -> 26.843775
B45: =CSSB!$L$5 -> 3 | C45: 2 | D45: =CSSB!$N$5 -> 234.90573 | E45: =CSSB!$M$5 -> 72.139614 | F45: =IF(E45<75,1,IF(AND(E45>=75, E45<95),2,IF(E45>=95,3))) -> 1 | G45: =IF($B$1="CZ03",VLOOKUP(CECCZ&$A$1&$G$2&$H$2&$C45,CZ03TempReset,7,0),IF($B$1="CZ04",VLOOKUP(CECCZ&$A$1&$G$2&$H$2&$C45,CZ04TempReset,7,0),IF(CECCZ="CZ12",VLOOKUP(CECCZ&$A$1&$G$2&$H$2&$C45,CZ12TempReset,7,0),IF(CECCZ="CZ13",VLOOKUP(CECCZ&$A$1&$G$2&$H$2&$C45,CZ13TempReset,7,0))))) -> 0.021673981 | H45: =IF($B$1="CZ03",VLOOKUP(CECCZ&$A$1&$G$2&$H$2&$C45,CZ03TempReset,8,0),IF($B$1="CZ04",VLOOKUP(CECCZ&$A$1&$G$2&$H$2&$C45,CZ04TempReset,8,0),IF(CECCZ="CZ12",VLOOKUP(CECCZ&$A$1&$G$2&$H$2&$C45,CZ12TempReset,8,0),IF(CECCZ="CZ13",VLOOKUP(CECCZ&$A$1&$G$2&$H$2&$C45,CZ13TempReset,8,0))))) -> 9.8639142 | I45: =(E45*G45+H45)/100 -> 0.11427467 | J45: =D45*I45 -> 26.843775
B46: =CSSB!$L$5 -> 3 | C46: 2 | D46: =CSSB!$N$5 -> 234.90573 | E46: =CSSB!$M$5 -> 72.139614 | F46: =IF(E46<75,1,IF(AND(E46>=75, E46<95),2,IF(E46>=95,3))) -> 1 | G46: =IF($B$1="CZ03",VLOOKUP(CECCZ&$A$1&$G$2&$H$2&$C46,CZ03TempReset,7,0),IF($B$1="CZ04",VLOOKUP(CECCZ&$A$1&$G$2&$H$2&$C46,CZ04TempReset,7,0),IF(CECCZ="CZ12",VLOOKUP(CECCZ&$A$1&$G$2&$H$2&$C46,CZ12TempReset,7,0),IF(CECCZ="CZ13",VLOOKUP(CECCZ&$A$1&$G$2&$H$2&$C46,CZ13TempReset,7,0))))) -> 0.021673981 | H46: =IF($B$1="CZ03",VLOOKUP(CECCZ&$A$1&$G$2&$H$2&$C46,CZ03TempReset,8,0),IF($B$1="CZ04",VLOOKUP(CECCZ&$A$1&$G$2&$H$2&$C46,CZ04TempReset,8,0),IF(CECCZ="CZ12",VLOOKUP(CECCZ&$A$1&$G$2&$H$2&$C46,CZ12TempReset,8,0),IF(CECCZ="CZ13",VLOOKUP(CECCZ&$A$1&$G$2&$H$2&$C46,CZ13TempReset,8,0))))) -> 9.8639142 | I46: =(E46*G46+H46)/100 -> 0.11427467 | J46: =D46*I46 -> 26.843775
B47: =CSSB!$L$5 -> 3 | C47: 3 | D47: =CSSB!$N$5 -> 234.90573 | E47: =CSSB!$M$5 -> 72.139614 | F47: =IF(E47<75,1,IF(AND(E47>=75, E47<95),2,IF(E47>=95,3))) -> 1 | G47: =IF($B$1="CZ03",VLOOKUP(CECCZ&$A$1&$G$2&$H$2&$C47,CZ03TempReset,7,0),IF($B$1="CZ04",VLOOKUP(CECCZ&$A$1&$G$2&$H$2&$C47,CZ04TempReset,7,0),IF(CECCZ="CZ12",VLOOKUP(CECCZ&$A$1&$G$2&$H$2&$C47,CZ12TempReset,7,0),IF(CECCZ="CZ13",VLOOKUP(CECCZ&$A$1&$G$2&$H$2&$C47,CZ13TempReset,7,0))))) -> -0.011327212 | H47: =IF($B$1="CZ03",VLOOKUP(CECCZ&$A$1&$G$2&$H$2&$C47,CZ03TempReset,8,0),IF($B$1="CZ04",VLOOKUP(CECCZ&$A$1&$G$2&$H$2&$C47,CZ04TempReset,8,0),IF(CECCZ="CZ12",VLOOKUP(CECCZ&$A$1&$G$2&$H$2&$C47,CZ12TempReset,8,0),IF(CECCZ="CZ13",VLOOKUP(CECCZ&$A$1&$G$2&$H$2&$C47,CZ13TempReset,8,0))))) -> 12.447046 | I47: =(E47*G47+H47)/100 -> 0.11629905 | J47: =D47*I47 -> 27.319314
B48: =CSSB!$L$5 -> 3 | C48: 3 | D48: =CSSB!$N$5 -> 234.90573 | E48: =CSSB!$M$5 -> 72.139614 | F48: =IF(E48<75,1,IF(AND(E48>=75, E48<95),2,IF(E48>=95,3))) -> 1 | G48: =IF($B$1="CZ03",VLOOKUP(CECCZ&$A$1&$G$2&$H$2&$C48,CZ03TempReset,7,0),IF($B$1="CZ04",VLOOKUP(CECCZ&$A$1&$G$2&$H$2&$C48,CZ04TempReset,7,0),IF(CECCZ="CZ12",VLOOKUP(CECCZ&$A$1&$G$2&$H$2&$C48,CZ12TempReset,7,0),IF(CECCZ="CZ13",VLOOKUP(CECCZ&$A$1&$G$2&$H$2&$C48,CZ13TempReset,7,0))))) -> -0.011327212 | H48: =IF($B$1="CZ03",VLOOKUP(CECCZ&$A$1&$G$2&$H$2&$C48,CZ03TempReset,8,0),IF($B$1="CZ04",VLOOKUP(CECCZ&$A$1&$G$2&$H$2&$C48,CZ04TempReset,8,0),IF(CECCZ="CZ12",VLOOKUP(CECCZ&$A$1&$G$2&$H$2&$C48,CZ12TempReset,8,0),IF(CECCZ="CZ13",VLOOKUP(CECCZ&$A$1&$G$2&$H$2&$C48,CZ13TempReset,8,0))))) -> 12.447046 | I48: =(E48*G48+H48)/100 -> 0.11629905 | J48: =D48*I48 -> 27.319314
B49: =CSSB!$L$5 -> 3 | C49: 3 | D49: =CSSB!$N$5 -> 234.90573 | E49: =CSSB!$M$5 -> 72.139614 | F49: =IF(E49<75,1,IF(AND(E49>=75, E49<95),2,IF(E49>=95,3))) -> 1 | G49: =IF($B$1="CZ03",VLOOKUP(CECCZ&$A$1&$G$2&$H$2&$C49,CZ03TempReset,7,0),IF($B$1="CZ04",VLOOKUP(CECCZ&$A$1&$G$2&$H$2&$C49,CZ04TempReset,7,0),IF(CECCZ="CZ12",VLOOKUP(CECCZ&$A$1&$G$2&$H$2&$C49,CZ12TempReset,7,0),IF(CECCZ="CZ13",VLOOKUP(CECCZ&$A$1&$G$2&$H$2&$C49,CZ13TempReset,7,0))))) -> -0.011327212 | H49: =IF($B$1="CZ03",VLOOKUP(CECCZ&$A$1&$G$2&$H$2&$C49,CZ03TempReset,8,0),IF($B$1="CZ04",VLOOKUP(CECCZ&$A$1&$G$2&$H$2&$C49,CZ04TempReset,8,0),IF(CECCZ="CZ12",VLOOKUP(CECCZ&$A$1&$G$2&$H$2&$C49,CZ12TempReset,8,0),IF(CECCZ="CZ13",VLOOKUP(CECCZ&$A$1&$G$2&$H$2&$C49,CZ13TempReset,8,0))))) -> 12.447046 | I49: =(E49*G49+H49)/100 -> 0.11629905 | J49: =D49*I49 -> 27.319314
B50: =CSSB!$L$5 -> 3 | C50: 3 | D50: =CSSB!$N$5 -> 234.90573 | E50: =CSSB!$M$5 -> 72.139614 | F50: =IF(E50<75,1,IF(AND(E50>=75, E50<95),2,IF(E50>=95,3))) -> 1 | G50: =IF($B$1="CZ03",VLOOKUP(CECCZ&$A$1&$G$2&$H$2&$C50,CZ03TempReset,7,0),IF($B$1="CZ04",VLOOKUP(CECCZ&$A$1&$G$2&$H$2&$C50,CZ04TempReset,7,0),IF(CECCZ="CZ12",VLOOKUP(CECCZ&$A$1&$G$2&$H$2&$C50,CZ12TempReset,7,0),IF(CECCZ="CZ13",VLOOKUP(CECCZ&$A$1&$G$2&$H$2&$C50,CZ13TempReset,7,0))))) -> -0.011327212 | H50: =IF($B$1="CZ03",VLOOKUP(CECCZ&$A$1&$G$2&$H$2&$C50,CZ03TempReset,8,0),IF($B$1="CZ04",VLOOKUP(CECCZ&$A$1&$G$2&$H$2&$C50,CZ04TempReset,8,0),IF(CECCZ="CZ12",VLOOKUP(CECCZ&$A$1&$G$2&$H$2&$C50,CZ12TempReset,8,0),IF(CECCZ="CZ13",VLOOKUP(CECCZ&$A$1&$G$2&$H$2&$C50,CZ13TempReset,8,0))))) -> 12.447046 | I50: =(E50*G50+H50)/100 -> 0.11629905 | J50: =D50*I50 -> 27.319314
... B54: =CSSB!$L$5 -> 3 | C54: 4 | D54: =CSSB!$N$5 -> 234.90573 | E54: =CSSB!$M$5 -> 72.139614 | F54: =IF(E54<75,1,IF(AND(E54>=75, E54<95),2,IF(E54>=95,3))) -> 1 | G54: =IF($B$1="CZ03",VLOOKUP(CECCZ&$A$1&$G$2&$H$2&$C54,CZ03TempReset,7,0),IF($B$1="CZ04",VLOOKUP(CECCZ&$A$1&$G$2&$H$2&$C54,CZ04TempReset,7,0),IF(CECCZ="CZ12",VLOOKUP(CECCZ&$A$1&$G$2&$H$2&$C54,CZ12TempReset,7,0),IF(CECCZ="CZ13",VLOOKUP(CECCZ&$A$1&$G$2&$H$2&$C54,CZ13TempReset,7,0))))) -> -0.040987151 | H54: =IF($B$1="CZ03",VLOOKUP(CECCZ&$A$1&$G$2&$H$2&$C54,CZ03TempReset,8,0),IF($B$1="CZ04",VLOOKUP(CECCZ&$A$1&$G$2&$H$2&$C54,CZ04TempReset,8,0),IF(CECCZ="CZ12",VLOOKUP(CECCZ&$A$1&$G$2&$H$2&$C54,CZ12TempReset,8,0),IF(CECCZ="CZ13",VLOOKUP(CECCZ&$A$1&$G$2&$H$2&$C54,CZ13TempReset,8,0))))) -> 12.485388 | I54: =(E54*G54+H54)/100 -> 0.095285906 | J54: =D54*I54 -> 22.383205
B56: TempRange | C56: hour | D56: power | E56: oat | F56: range | G56: =PrecoolDegrees -> 0 | H56: =TempResetDegrees -> 4 | I56: DR% | J56: DR (kW)
B57: =CSSB!$L$6 -> 4 | C57: 1 | D57: =CSSB!$N$6 -> 242.28767 | E57: =CSSB!$M$6 -> 76.924252 | F57: =IF(E57<75,1,IF(AND(E57>=75, E57<95),2,IF(E57>=95,3))) -> 2 | G57: =IF($B$1="CZ03",VLOOKUP(CECCZ&$A$1&$G$2&$H$2&$C57,CZ03TempReset,7,0),IF($B$1="CZ04",VLOOKUP(CECCZ&$A$1&$G$2&$H$2&$C57,CZ04TempReset,7,0),IF(CECCZ="CZ12",VLOOKUP(CECCZ&$A$1&$G$2&$H$2&$C57,CZ12TempReset,7,0),IF(CECCZ="CZ13",VLOOKUP(CECCZ&$A$1&$G$2&$H$2&$C57,CZ13TempReset,7,0))))) -> 0.1920332 | H57: =IF($B$1="CZ03",VLOOKUP(CECCZ&$A$1&$G$2&$H$2&$C57,CZ03TempReset,8,0),IF($B$1="CZ04",VLOOKUP(CECCZ&$A$1&$G$2&$H$2&$C57,CZ04TempReset,8,0),IF(CECCZ="CZ12",VLOOKUP(CECCZ&$A$1&$G$2&$H$2&$C57,CZ12TempReset,8,0),IF(CECCZ="CZ13",VLOOKUP(CECCZ&$A$1&$G$2&$H$2&$C57,CZ13TempReset,8,0))))) -> -4.7190127 | I57: =(E57*G57+H57)/100 -> 0.10052998 | J57: =D57*I57 -> 24.357174
B58: =CSSB!$L$6 -> 4 | C58: 1 | D58: =CSSB!$N$6 -> 242.28767 | E58: =CSSB!$M$6 -> 76.924252 | F58: =IF(E58<75,1,IF(AND(E58>=75, E58<95),2,IF(E58>=95,3))) -> 2 | G58: =IF($B$1="CZ03",VLOOKUP(CECCZ&$A$1&$G$2&$H$2&$C58,CZ03TempReset,7,0),IF($B$1="CZ04",VLOOKUP(CECCZ&$A$1&$G$2&$H$2&$C58,CZ04TempReset,7,0),IF(CECCZ="CZ12",VLOOKUP(CECCZ&$A$1&$G$2&$H$2&$C58,CZ12TempReset,7,0),IF(CECCZ="CZ13",VLOOKUP(CECCZ&$A$1&$G$2&$H$2&$C58,CZ13TempReset,7,0))))) -> 0.1920332 | H58: =IF($B$1="CZ03",VLOOKUP(CECCZ&$A$1&$G$2&$H$2&$C58,CZ03TempReset,8,0),IF($B$1="CZ04",VLOOKUP(CECCZ&$A$1&$G$2&$H$2&$C58,CZ04TempReset,8,0),IF(CECCZ="CZ12",VLOOKUP(CECCZ&$A$1&$G$2&$H$2&$C58,CZ12TempReset,8,0),IF(CECCZ="CZ13",VLOOKUP(CECCZ&$A$1&$G$2&$H$2&$C58,CZ13TempReset,8,0))))) -> -4.7190127 | I58: =(E58*G58+H58)/100 -> 0.10052998 | J58: =D58*I58 -> 24.357174
B59: =CSSB!$L$6 -> 4 | C59: 1 | D59: =CSSB!$N$6 -> 242.28767 | E59: =CSSB!$M$6 -> 76.924252 | F59: =IF(E59<75,1,IF(AND(E59>=75, E59<95),2,IF(E59>=95,3))) -> 2 | G59: =IF($B$1="CZ03",VLOOKUP(CECCZ&$A$1&$G$2&$H$2&$C59,CZ03TempReset,7,0),IF($B$1="CZ04",VLOOKUP(CECCZ&$A$1&$G$2&$H$2&$C59,CZ04TempReset,7,0),IF(CECCZ="CZ12",VLOOKUP(CECCZ&$A$1&$G$2&$H$2&$C59,CZ12TempReset,7,0),IF(CECCZ="CZ13",VLOOKUP(CECCZ&$A$1&$G$2&$H$2&$C59,CZ13TempReset,7,0))))) -> 0.1920332 | H59: =IF($B$1="CZ03",VLOOKUP(CECCZ&$A$1&$G$2&$H$2&$C59,CZ03TempReset,8,0),IF($B$1="CZ04",VLOOKUP(CECCZ&$A$1&$G$2&$H$2&$C59,CZ04TempReset,8,0),IF(CECCZ="CZ12",VLOOKUP(CECCZ&$A$1&$G$2&$H$2&$C59,CZ12TempReset,8,0),IF(CECCZ="CZ13",VLOOKUP(CECCZ&$A$1&$G$2&$H$2&$C59,CZ13TempReset,8,0))))) -> -4.7190127 | I59: =(E59*G59+H59)/100 -> 0.10052998 | J59: =D59*I59 -> 24.357174
B60: =CSSB!$L$6 -> 4 | C60: 1 | D60: =CSSB!$N$6 -> 242.28767 | E60: =CSSB!$M$6 -> 76.924252 | F60: =IF(E60<75,1,IF(AND(E60>=75, E60<95),2,IF(E60>=95,3))) -> 2 | G60: =IF($B$1="CZ03",VLOOKUP(CECCZ&$A$1&$G$2&$H$2&$C60,CZ03TempReset,7,0),IF($B$1="CZ04",VLOOKUP(CECCZ&$A$1&$G$2&$H$2&$C60,CZ04TempReset,7,0),IF(CECCZ="CZ12",VLOOKUP(CECCZ&$A$1&$G$2&$H$2&$C60,CZ12TempReset,7,0),IF(CECCZ="CZ13",VLOOKUP(CECCZ&$A$1&$G$2&$H$2&$C60,CZ13TempReset,7,0))))) -> 0.1920332 | H60: =IF($B$1="CZ03",VLOOKUP(CECCZ&$A$1&$G$2&$H$2&$C60,CZ03TempReset,8,0),IF($B$1="CZ04",VLOOKUP(CECCZ&$A$1&$G$2&$H$2&$C60,CZ04TempReset,8,0),IF(CECCZ="CZ12",VLOOKUP(CECCZ&$A$1&$G$2&$H$2&$C60,CZ12TempReset,8,0),IF(CECCZ="CZ13",VLOOKUP(CECCZ&$A$1&$G$2&$H$2&$C60,CZ13TempReset,8,0))))) -> -4.7190127 | I60: =(E60*G60+H60)/100 -> 0.10052998 | J60: =D60*I60 -> 24.357174
B61: =CSSB!$L$6 -> 4 | C61: 2 | D61: =CSSB!$N$6 -> 242.28767 | E61: =CSSB!$M$6 -> 76.924252 | F61: =IF(E61<75,1,IF(AND(E61>=75, E61<95),2,IF(E61>=95,3))) -> 2 | G61: =IF($B$1="CZ03",VLOOKUP(CECCZ&$A$1&$G$2&$H$2&$C61,CZ03TempReset,7,0),IF($B$1="CZ04",VLOOKUP(CECCZ&$A$1&$G$2&$H$2&$C61,CZ04TempReset,7,0),IF(CECCZ="CZ12",VLOOKUP(CECCZ&$A$1&$G$2&$H$2&$C61,CZ12TempReset,7,0),IF(CECCZ="CZ13",VLOOKUP(CECCZ&$A$1&$G$2&$H$2&$C61,CZ13TempReset,7,0))))) -> 0.021673981 | H61: =IF($B$1="CZ03",VLOOKUP(CECCZ&$A$1&$G$2&$H$2&$C61,CZ03TempReset,8,0),IF($B$1="CZ04",VLOOKUP(CECCZ&$A$1&$G$2&$H$2&$C61,CZ04TempReset,8,0),IF(CECCZ="CZ12",VLOOKUP(CECCZ&$A$1&$G$2&$H$2&$C61,CZ12TempReset,8,0),IF(CECCZ="CZ13",VLOOKUP(CECCZ&$A$1&$G$2&$H$2&$C61,CZ13TempReset,8,0))))) -> 9.8639142 | I61: =(E61*G61+H61)/100 -> 0.11531169 | J61: =D61*I61 -> 27.938601
B62: =CSSB!$L$6 -> 4 | C62: 2 | D62: =CSSB!$N$6 -> 242.28767 | E62: =CSSB!$M$6 -> 76.924252 | F62: =IF(E62<75,1,IF(AND(E62>=75, E62<95),2,IF(E62>=95,3))) -> 2 | G62: =IF($B$1="CZ03",VLOOKUP(CECCZ&$A$1&$G$2&$H$2&$C62,CZ03TempReset,7,0),IF($B$1="CZ04",VLOOKUP(CECCZ&$A$1&$G$2&$H$2&$C62,CZ04TempReset,7,0),IF(CECCZ="CZ12",VLOOKUP(CECCZ&$A$1&$G$2&$H$2&$C62,CZ12TempReset,7,0),IF(CECCZ="CZ13",VLOOKUP(CECCZ&$A$1&$G$2&$H$2&$C62,CZ13TempReset,7,0))))) -> 0.021673981 | H62: =IF($B$1="CZ03",VLOOKUP(CECCZ&$A$1&$G$2&$H$2&$C62,CZ03TempReset,8,0),IF($B$1="CZ04",VLOOKUP(CECCZ&$A$1&$G$2&$H$2&$C62,CZ04TempReset,8,0),IF(CECCZ="CZ12",VLOOKUP(CECCZ&$A$1&$G$2&$H$2&$C62,CZ12TempReset,8,0),IF(CECCZ="CZ13",VLOOKUP(CECCZ&$A$1&$G$2&$H$2&$C62,CZ13TempReset,8,0))))) -> 9.8639142 | I62: =(E62*G62+H62)/100 -> 0.11531169 | J62: =D62*I62 -> 27.938601
B63: =CSSB!$L$6 -> 4 | C63: 2 | D63: =CSSB!$N$6 -> 242.28767 | E63: =CSSB!$M$6 -> 76.924252 | F63: =IF(E63<75,1,IF(AND(E63>=75, E63<95),2,IF(E63>=95,3))) -> 2 | G63: =IF($B$1="CZ03",VLOOKUP(CECCZ&$A$1&$G$2&$H$2&$C63,CZ03TempReset,7,0),IF($B$1="CZ04",VLOOKUP(CECCZ&$A$1&$G$2&$H$2&$C63,CZ04TempReset,7,0),IF(CECCZ="CZ12",VLOOKUP(CECCZ&$A$1&$G$2&$H$2&$C63,CZ12TempReset,7,0),IF(CECCZ="CZ13",VLOOKUP(CECCZ&$A$1&$G$2&$H$2&$C63,CZ13TempReset,7,0))))) -> 0.021673981 | H63: =IF($B$1="CZ03",VLOOKUP(CECCZ&$A$1&$G$2&$H$2&$C63,CZ03TempReset,8,0),IF($B$1="CZ04",VLOOKUP(CECCZ&$A$1&$G$2&$H$2&$C63,CZ04TempReset,8,0),IF(CECCZ="CZ12",VLOOKUP(CECCZ&$A$1&$G$2&$H$2&$C63,CZ12TempReset,8,0),IF(CECCZ="CZ13",VLOOKUP(CECCZ&$A$1&$G$2&$H$2&$C63,CZ13TempReset,8,0))))) -> 9.8639142 | I63: =(E63*G63+H63)/100 -> 0.11531169 | J63: =D63*I63 -> 27.938601
B64: =CSSB!$L$6 -> 4 | C64: 2 | D64: =CSSB!$N$6 -> 242.28767 | E64: =CSSB!$M$6 -> 76.924252 | F64: =IF(E64<75,1,IF(AND(E64>=75, E64<95),2,IF(E64>=95,3))) -> 2 | G64: =IF($B$1="CZ03",VLOOKUP(CECCZ&$A$1&$G$2&$H$2&$C64,CZ03TempReset,7,0),IF($B$1="CZ04",VLOOKUP(CECCZ&$A$1&$G$2&$H$2&$C64,CZ04TempReset,7,0),IF(CECCZ="CZ12",VLOOKUP(CECCZ&$A$1&$G$2&$H$2&$C64,CZ12TempReset,7,0),IF(CECCZ="CZ13",VLOOKUP(CECCZ&$A$1&$G$2&$H$2&$C64,CZ13TempReset,7,0))))) -> 0.021673981 | H64: =IF($B$1="CZ03",VLOOKUP(CECCZ&$A$1&$G$2&$H$2&$C64,CZ03TempReset,8,0),IF($B$1="CZ04",VLOOKUP(CECCZ&$A$1&$G$2&$H$2&$C64,CZ04TempReset,8,0),IF(CECCZ="CZ12",VLOOKUP(CECCZ&$A$1&$G$2&$H$2&$C64,CZ12TempReset,8,0),IF(CECCZ="CZ13",VLOOKUP(CECCZ&$A$1&$G$2&$H$2&$C64,CZ13TempReset,8,0))))) -> 9.8639142 | I64: =(E64*G64+H64)/100 -> 0.11531169 | J64: =D64*I64 -> 27.938601
B65: =CSSB!$L$6 -> 4 | C65: 3 | D65: =CSSB!$N$6 -> 242.28767 | E65: =CSSB!$M$6 -> 76.924252 | F65: =IF(E65<75,1,IF(AND(E65>=75, E65<95),2,IF(E65>=95,3))) -> 2 | G65: =IF($B$1="CZ03",VLOOKUP(CECCZ&$A$1&$G$2&$H$2&$C65,CZ03TempReset,7,0),IF($B$1="CZ04",VLOOKUP(CECCZ&$A$1&$G$2&$H$2&$C65,CZ04TempReset,7,0),IF(CECCZ="CZ12",VLOOKUP(CECCZ&$A$1&$G$2&$H$2&$C65,CZ12TempReset,7,0),IF(CECCZ="CZ13",VLOOKUP(CECCZ&$A$1&$G$2&$H$2&$C65,CZ13TempReset,7,0))))) -> -0.011327212 | H65: =IF($B$1="CZ03",VLOOKUP(CECCZ&$A$1&$G$2&$H$2&$C65,CZ03TempReset,8,0),IF($B$1="CZ04",VLOOKUP(CECCZ&$A$1&$G$2&$H$2&$C65,CZ04TempReset,8,0),IF(CECCZ="CZ12",VLOOKUP(CECCZ&$A$1&$G$2&$H$2&$C65,CZ12TempReset,8,0),IF(CECCZ="CZ13",VLOOKUP(CECCZ&$A$1&$G$2&$H$2&$C65,CZ13TempReset,8,0))))) -> 12.447046 | I65: =(E65*G65+H65)/100 -> 0.11575709 | J65: =D65*I65 -> 28.046515
B66: =CSSB!$L$6 -> 4 | C66: 3 | D66: =CSSB!$N$6 -> 242.28767 | E66: =CSSB!$M$6 -> 76.924252 | F66: =IF(E66<75,1,IF(AND(E66>=75, E66<95),2,IF(E66>=95,3))) -> 2 | G66: =IF($B$1="CZ03",VLOOKUP(CECCZ&$A$1&$G$2&$H$2&$C66,CZ03TempReset,7,0),IF($B$1="CZ04",VLOOKUP(CECCZ&$A$1&$G$2&$H$2&$C66,CZ04TempReset,7,0),IF(CECCZ="CZ12",VLOOKUP(CECCZ&$A$1&$G$2&$H$2&$C66,CZ12TempReset,7,0),IF(CECCZ="CZ13",VLOOKUP(CECCZ&$A$1&$G$2&$H$2&$C66,CZ13TempReset,7,0))))) -> -0.011327212 | H66: =IF($B$1="CZ03",VLOOKUP(CECCZ&$A$1&$G$2&$H$2&$C66,CZ03TempReset,8,0),IF($B$1="CZ04",VLOOKUP(CECCZ&$A$1&$G$2&$H$2&$C66,CZ04TempReset,8,0),IF(CECCZ="CZ12",VLOOKUP(CECCZ&$A$1&$G$2&$H$2&$C66,CZ12TempReset,8,0),IF(CECCZ="CZ13",VLOOKUP(CECCZ&$A$1&$G$2&$H$2&$C66,CZ13TempReset,8,0))))) -> 12.447046 | I66: =(E66*G66+H66)/100 -> 0.11575709 | J66: =D66*I66 -> 28.046515
B67: =CSSB!$L$6 -> 4 | C67: 3 | D67: =CSSB!$N$6 -> 242.28767 | E67: =CSSB!$M$6 -> 76.924252 | F67: =IF(E67<75,1,IF(AND(E67>=75, E67<95),2,IF(E67>=95,3))) -> 2 | G67: =IF($B$1="CZ03",VLOOKUP(CECCZ&$A$1&$G$2&$H$2&$C67,CZ03TempReset,7,0),IF($B$1="CZ04",VLOOKUP(CECCZ&$A$1&$G$2&$H$2&$C67,CZ04TempReset,7,0),IF(CECCZ="CZ12",VLOOKUP(CECCZ&$A$1&$G$2&$H$2&$C67,CZ12TempReset,7,0),IF(CECCZ="CZ13",VLOOKUP(CECCZ&$A$1&$G$2&$H$2&$C67,CZ13TempReset,7,0))))) -> -0.011327212 | H67: =IF($B$1="CZ03",VLOOKUP(CECCZ&$A$1&$G$2&$H$2&$C67,CZ03TempReset,8,0),IF($B$1="CZ04",VLOOKUP(CECCZ&$A$1&$G$2&$H$2&$C67,CZ04TempReset,8,0),IF(CECCZ="CZ12",VLOOKUP(CECCZ&$A$1&$G$2&$H$2&$C67,CZ12TempReset,8,0),IF(CECCZ="CZ13",VLOOKUP(CECCZ&$A$1&$G$2&$H$2&$C67,CZ13TempReset,8,0))))) -> 12.447046 | I67: =(E67*G67+H67)/100 -> 0.11575709 | J67: =D67*I67 -> 28.046515
B68: =CSSB!$L$6 -> 4 | C68: 3 | D68: =CSSB!$N$6 -> 242.28767 | E68: =CSSB!$M$6 -> 76.924252 | F68: =IF(E68<75,1,IF(AND(E68>=75, E68<95),2,IF(E68>=95,3))) -> 2 | G68: =IF($B$1="CZ03",VLOOKUP(CECCZ&$A$1&$G$2&$H$2&$C68,CZ03TempReset,7,0),IF($B$1="CZ04",VLOOKUP(CECCZ&$A$1&$G$2&$H$2&$C68,CZ04TempReset,7,0),IF(CECCZ="CZ12",VLOOKUP(CECCZ&$A$1&$G$2&$H$2&$C68,CZ12TempReset,7,0),IF(CECCZ="CZ13",VLOOKUP(CECCZ&$A$1&$G$2&$H$2&$C68,CZ13TempReset,7,0))))) -> -0.011327212 | H68: =IF($B$1="CZ03",VLOOKUP(CECCZ&$A$1&$G$2&$H$2&$C68,CZ03TempReset,8,0),IF($B$1="CZ04",VLOOKUP(CECCZ&$A$1&$G$2&$H$2&$C68,CZ04TempReset,8,0),IF(CECCZ="CZ12",VLOOKUP(CECCZ&$A$1&$G$2&$H$2&$C68,CZ12TempReset,8,0),IF(CECCZ="CZ13",VLOOKUP(CECCZ&$A$1&$G$2&$H$2&$C68,CZ13TempReset,8,0))))) -> 12.447046 | I68: =(E68*G68+H68)/100 -> 0.11575709 | J68: =D68*I68 -> 28.046515
... B72: =CSSB!$L$6 -> 4 | C72: 4 | D72: =CSSB!$N$6 -> 242.28767 | E72: =CSSB!$M$6 -> 76.924252 | F72: =IF(E72<75,1,IF(AND(E72>=75, E72<95),2,IF(E72>=95,3))) -> 2 | G72: =IF($B$1="CZ03",VLOOKUP(CECCZ&$A$1&$G$2&$H$2&$C72,CZ03TempReset,7,0),IF($B$1="CZ04",VLOOKUP(CECCZ&$A$1&$G$2&$H$2&$C72,CZ04TempReset,7,0),IF(CECCZ="CZ12",VLOOKUP(CECCZ&$A$1&$G$2&$H$2&$C72,CZ12TempReset,7,0),IF(CECCZ="CZ13",VLOOKUP(CECCZ&$A$1&$G$2&$H$2&$C72,CZ13TempReset,7,0))))) -> -0.040987151 | H72: =IF($B$1="CZ03",VLOOKUP(CECCZ&$A$1&$G$2&$H$2&$C72,CZ03TempReset,8,0),IF($B$1="CZ04",VLOOKUP(CECCZ&$A$1&$G$2&$H$2&$C72,CZ04TempReset,8,0),IF(CECCZ="CZ12",VLOOKUP(CECCZ&$A$1&$G$2&$H$2&$C72,CZ12TempReset,8,0),IF(CECCZ="CZ13",VLOOKUP(CECCZ&$A$1&$G$2&$H$2&$C72,CZ13TempReset,8,0))))) -> 12.485388 | I72: =(E72*G72+H72)/100 -> 0.093324819 | J72: =D72*I72 -> 22.611453
B74: TempRange | C74: hour | D74: power | E74: oat | F74: range | G74: =PrecoolDegrees -> 0 | H74: =TempResetDegrees -> 4 | I74: DR% | J74: DR (kW)
B75: =CSSB!$L$7 -> 5 | C75: 1 | D75: =CSSB!$N$7 -> 265.02439 | E75: =CSSB!$M$7 -> 82.146235 | F75: =IF(E75<75,1,IF(AND(E75>=75, E75<95),2,IF(E75>=95,3))) -> 2 | G75: =IF($B$1="CZ03",VLOOKUP(CECCZ&$A$1&$G$2&$H$2&$C75,CZ03TempReset,7,0),IF($B$1="CZ04",VLOOKUP(CECCZ&$A$1&$G$2&$H$2&$C75,CZ04TempReset,7,0),IF(CECCZ="CZ12",VLOOKUP(CECCZ&$A$1&$G$2&$H$2&$C75,CZ12TempReset,7,0),IF(CECCZ="CZ13",VLOOKUP(CECCZ&$A$1&$G$2&$H$2&$C75,CZ13TempReset,7,0))))) -> 0.1920332 | H75: =IF($B$1="CZ03",VLOOKUP(CECCZ&$A$1&$G$2&$H$2&$C75,CZ03TempReset,8,0),IF($B$1="CZ04",VLOOKUP(CECCZ&$A$1&$G$2&$H$2&$C75,CZ04TempReset,8,0),IF(CECCZ="CZ12",VLOOKUP(CECCZ&$A$1&$G$2&$H$2&$C75,CZ12TempReset,8,0),IF(CECCZ="CZ13",VLOOKUP(CECCZ&$A$1&$G$2&$H$2&$C75,CZ13TempReset,8,0))))) -> -4.7190127 | I75: =(E75*G75+H75)/100 -> 0.11055792 | J75: =D75*I75 -> 29.300544
B76: =CSSB!$L$7 -> 5 | C76: 1 | D76: =CSSB!$N$7 -> 265.02439 | E76: =CSSB!$M$7 -> 82.146235 | F76: =IF(E76<75,1,IF(AND(E76>=75, E76<95),2,IF(E76>=95,3))) -> 2 | G76: =IF($B$1="CZ03",VLOOKUP(CECCZ&$A$1&$G$2&$H$2&$C76,CZ03TempReset,7,0),IF($B$1="CZ04",VLOOKUP(CECCZ&$A$1&$G$2&$H$2&$C76,CZ04TempReset,7,0),IF(CECCZ="CZ12",VLOOKUP(CECCZ&$A$1&$G$2&$H$2&$C76,CZ12TempReset,7,0),IF(CECCZ="CZ13",VLOOKUP(CECCZ&$A$1&$G$2&$H$2&$C76,CZ13TempReset,7,0))))) -> 0.1920332 | H76: =IF($B$1="CZ03",VLOOKUP(CECCZ&$A$1&$G$2&$H$2&$C76,CZ03TempReset,8,0),IF($B$1="CZ04",VLOOKUP(CECCZ&$A$1&$G$2&$H$2&$C76,CZ04TempReset,8,0),IF(CECCZ="CZ12",VLOOKUP(CECCZ&$A$1&$G$2&$H$2&$C76,CZ12TempReset,8,0),IF(CECCZ="CZ13",VLOOKUP(CECCZ&$A$1&$G$2&$H$2&$C76,CZ13TempReset,8,0))))) -> -4.7190127 | I76: =(E76*G76+H76)/100 -> 0.11055792 | J76: =D76*I76 -> 29.300544
B77: =CSSB!$L$7 -> 5 | C77: 1 | D77: =CSSB!$N$7 -> 265.02439 | E77: =CSSB!$M$7 -> 82.146235 | F77: =IF(E77<75,1,IF(AND(E77>=75, E77<95),2,IF(E77>=95,3))) -> 2 | G77: =IF($B$1="CZ03",VLOOKUP(CECCZ&$A$1&$G$2&$H$2&$C77,CZ03TempReset,7,0),IF($B$1="CZ04",VLOOKUP(CECCZ&$A$1&$G$2&$H$2&$C77,CZ04TempReset,7,0),IF(CECCZ="CZ12",VLOOKUP(CECCZ&$A$1&$G$2&$H$2&$C77,CZ12TempReset,7,0),IF(CECCZ="CZ13",VLOOKUP(CECCZ&$A$1&$G$2&$H$2&$C77,CZ13TempReset,7,0))))) -> 0.1920332 | H77: =IF($B$1="CZ03",VLOOKUP(CECCZ&$A$1&$G$2&$H$2&$C77,CZ03TempReset,8,0),IF($B$1="CZ04",VLOOKUP(CECCZ&$A$1&$G$2&$H$2&$C77,CZ04TempReset,8,0),IF(CECCZ="CZ12",VLOOKUP(CECCZ&$A$1&$G$2&$H$2&$C77,CZ12TempReset,8,0),IF(CECCZ="CZ13",VLOOKUP(CECCZ&$A$1&$G$2&$H$2&$C77,CZ13TempReset,8,0))))) -> -4.7190127 | I77: =(E77*G77+H77)/100 -> 0.11055792 | J77: =D77*I77 -> 29.300544
B78: =CSSB!$L$7 -> 5 | C78: 1 | D78: =CSSB!$N$7 -> 265.02439 | E78: =CSSB!$M$7 -> 82.146235 | F78: =IF(E78<75,1,IF(AND(E78>=75, E78<95),2,IF(E78>=95,3))) -> 2 | G78: =IF($B$1="CZ03",VLOOKUP(CECCZ&$A$1&$G$2&$H$2&$C78,CZ03TempReset,7,0),IF($B$1="CZ04",VLOOKUP(CECCZ&$A$1&$G$2&$H$2&$C78,CZ04TempReset,7,0),IF(CECCZ="CZ12",VLOOKUP(CECCZ&$A$1&$G$2&$H$2&$C78,CZ12TempReset,7,0),IF(CECCZ="CZ13",VLOOKUP(CECCZ&$A$1&$G$2&$H$2&$C78,CZ13TempReset,7,0))))) -> 0.1920332 | H78: =IF($B$1="CZ03",VLOOKUP(CECCZ&$A$1&$G$2&$H$2&$C78,CZ03TempReset,8,0),IF($B$1="CZ04",VLOOKUP(CECCZ&$A$1&$G$2&$H$2&$C78,CZ04TempReset,8,0),IF(CECCZ="CZ12",VLOOKUP(CECCZ&$A$1&$G$2&$H$2&$C78,CZ12TempReset,8,0),IF(CECCZ="CZ13",VLOOKUP(CECCZ&$A$1&$G$2&$H$2&$C78,CZ13TempReset,8,0))))) -> -4.7190127 | I78: =(E78*G78+H78)/100 -> 0.11055792 | J78: =D78*I78 -> 29.300544
B79: =CSSB!$L$7 -> 5 | C79: 2 | D79: =CSSB!$N$7 -> 265.02439 | E79: =CSSB!$M$7 -> 82.146235 | F79: =IF(E79<75,1,IF(AND(E79>=75, E79<95),2,IF(E79>=95,3))) -> 2 | G79: =IF($B$1="CZ03",VLOOKUP(CECCZ&$A$1&$G$2&$H$2&$C79,CZ03TempReset,7,0),IF($B$1="CZ04",VLOOKUP(CECCZ&$A$1&$G$2&$H$2&$C79,CZ04TempReset,7,0),IF(CECCZ="CZ12",VLOOKUP(CECCZ&$A$1&$G$2&$H$2&$C79,CZ12TempReset,7,0),IF(CECCZ="CZ13",VLOOKUP(CECCZ&$A$1&$G$2&$H$2&$C79,CZ13TempReset,7,0))))) -> 0.021673981 | H79: =IF($B$1="CZ03",VLOOKUP(CECCZ&$A$1&$G$2&$H$2&$C79,CZ03TempReset,8,0),IF($B$1="CZ04",VLOOKUP(CECCZ&$A$1&$G$2&$H$2&$C79,CZ04TempReset,8,0),IF(CECCZ="CZ12",VLOOKUP(CECCZ&$A$1&$G$2&$H$2&$C79,CZ12TempReset,8,0),IF(CECCZ="CZ13",VLOOKUP(CECCZ&$A$1&$G$2&$H$2&$C79,CZ13TempReset,8,0))))) -> 9.8639142 | I79: =(E79*G79+H79)/100 -> 0.1164435 | J79: =D79*I79 -> 30.860368
B80: =CSSB!$L$7 -> 5 | C80: 2 | D80: =CSSB!$N$7 -> 265.02439 | E80: =CSSB!$M$7 -> 82.146235 | F80: =IF(E80<75,1,IF(AND(E80>=75, E80<95),2,IF(E80>=95,3))) -> 2 | G80: =IF($B$1="CZ03",VLOOKUP(CECCZ&$A$1&$G$2&$H$2&$C80,CZ03TempReset,7,0),IF($B$1="CZ04",VLOOKUP(CECCZ&$A$1&$G$2&$H$2&$C80,CZ04TempReset,7,0),IF(CECCZ="CZ12",VLOOKUP(CECCZ&$A$1&$G$2&$H$2&$C80,CZ12TempReset,7,0),IF(CECCZ="CZ13",VLOOKUP(CECCZ&$A$1&$G$2&$H$2&$C80,CZ13TempReset,7,0))))) -> 0.021673981 | H80: =IF($B$1="CZ03",VLOOKUP(CECCZ&$A$1&$G$2&$H$2&$C80,CZ03TempReset,8,0),IF($B$1="CZ04",VLOOKUP(CECCZ&$A$1&$G$2&$H$2&$C80,CZ04TempReset,8,0),IF(CECCZ="CZ12",VLOOKUP(CECCZ&$A$1&$G$2&$H$2&$C80,CZ12TempReset,8,0),IF(CECCZ="CZ13",VLOOKUP(CECCZ&$A$1&$G$2&$H$2&$C80,CZ13TempReset,8,0))))) -> 9.8639142 | I80: =(E80*G80+H80)/100 -> 0.1164435 | J80: =D80*I80 -> 30.860368
B81: =CSSB!$L$7 -> 5 | C81: 2 | D81: =CSSB!$N$7 -> 265.02439 | E81: =CSSB!$M$7 -> 82.146235 | F81: =IF(E81<75,1,IF(AND(E81>=75, E81<95),2,IF(E81>=95,3))) -> 2 | G81: =IF($B$1="CZ03",VLOOKUP(CECCZ&$A$1&$G$2&$H$2&$C81,CZ03TempReset,7,0),IF($B$1="CZ04",VLOOKUP(CECCZ&$A$1&$G$2&$H$2&$C81,CZ04TempReset,7,0),IF(CECCZ="CZ12",VLOOKUP(CECCZ&$A$1&$G$2&$H$2&$C81,CZ12TempReset,7,0),IF(CECCZ="CZ13",VLOOKUP(CECCZ&$A$1&$G$2&$H$2&$C81,CZ13TempReset,7,0))))) -> 0.021673981 | H81: =IF($B$1="CZ03",VLOOKUP(CECCZ&$A$1&$G$2&$H$2&$C81,CZ03TempReset,8,0),IF($B$1="CZ04",VLOOKUP(CECCZ&$A$1&$G$2&$H$2&$C81,CZ04TempReset,8,0),IF(CECCZ="CZ12",VLOOKUP(CECCZ&$A$1&$G$2&$H$2&$C81,CZ12TempReset,8,0),IF(CECCZ="CZ13",VLOOKUP(CECCZ&$A$1&$G$2&$H$2&$C81,CZ13TempReset,8,0))))) -> 9.8639142 | I81: =(E81*G81+H81)/100 -> 0.1164435 | J81: =D81*I81 -> 30.860368
B82: =CSSB!$L$7 -> 5 | C82: 2 | D82: =CSSB!$N$7 -> 265.02439 | E82: =CSSB!$M$7 -> 82.146235 | F82: =IF(E82<75,1,IF(AND(E82>=75, E82<95),2,IF(E82>=95,3))) -> 2 | G82: =IF($B$1="CZ03",VLOOKUP(CECCZ&$A$1&$G$2&$H$2&$C82,CZ03TempReset,7,0),IF($B$1="CZ04",VLOOKUP(CECCZ&$A$1&$G$2&$H$2&$C82,CZ04TempReset,7,0),IF(CECCZ="CZ12",VLOOKUP(CECCZ&$A$1&$G$2&$H$2&$C82,CZ12TempReset,7,0),IF(CECCZ="CZ13",VLOOKUP(CECCZ&$A$1&$G$2&$H$2&$C82,CZ13TempReset,7,0))))) -> 0.021673981 | H82: =IF($B$1="CZ03",VLOOKUP(CECCZ&$A$1&$G$2&$H$2&$C82,CZ03TempReset,8,0),IF($B$1="CZ04",VLOOKUP(CECCZ&$A$1&$G$2&$H$2&$C82,CZ04TempReset,8,0),IF(CECCZ="CZ12",VLOOKUP(CECCZ&$A$1&$G$2&$H$2&$C82,CZ12TempReset,8,0),IF(CECCZ="CZ13",VLOOKUP(CECCZ&$A$1&$G$2&$H$2&$C82,CZ13TempReset,8,0))))) -> 9.8639142 | I82: =(E82*G82+H82)/100 -> 0.1164435 | J82: =D82*I82 -> 30.860368
B83: =CSSB!$L$7 -> 5 | C83: 3 | D83: =CSSB!$N$7 -> 265.02439 | E83: =CSSB!$M$7 -> 82.146235 | F83: =IF(E83<75,1,IF(AND(E83>=75, E83<95),2,IF(E83>=95,3))) -> 2 | G83: =IF($B$1="CZ03",VLOOKUP(CECCZ&$A$1&$G$2&$H$2&$C83,CZ03TempReset,7,0),IF($B$1="CZ04",VLOOKUP(CECCZ&$A$1&$G$2&$H$2&$C83,CZ04TempReset,7,0),IF(CECCZ="CZ12",VLOOKUP(CECCZ&$A$1&$G$2&$H$2&$C83,CZ12TempReset,7,0),IF(CECCZ="CZ13",VLOOKUP(CECCZ&$A$1&$G$2&$H$2&$C83,CZ13TempReset,7,0))))) -> -0.011327212 | H83: =IF($B$1="CZ03",VLOOKUP(CECCZ&$A$1&$G$2&$H$2&$C83,CZ03TempReset,8,0),IF($B$1="CZ04",VLOOKUP(CECCZ&$A$1&$G$2&$H$2&$C83,CZ04TempReset,8,0),IF(CECCZ="CZ12",VLOOKUP(CECCZ&$A$1&$G$2&$H$2&$C83,CZ12TempReset,8,0),IF(CECCZ="CZ13",VLOOKUP(CECCZ&$A$1&$G$2&$H$2&$C83,CZ13TempReset,8,0))))) -> 12.447046 | I83: =(E83*G83+H83)/100 -> 0.11516558 | J83: =D83*I83 -> 30.521688
B84: =CSSB!$L$7 -> 5 | C84: 3 | D84: =CSSB!$N$7 -> 265.02439 | E84: =CSSB!$M$7 -> 82.146235 | F84: =IF(E84<75,1,IF(AND(E84>=75, E84<95),2,IF(E84>=95,3))) -> 2 | G84: =IF($B$1="CZ03",VLOOKUP(CECCZ&$A$1&$G$2&$H$2&$C84,CZ03TempReset,7,0),IF($B$1="CZ04",VLOOKUP(CECCZ&$A$1&$G$2&$H$2&$C84,CZ04TempReset,7,0),IF(CECCZ="CZ12",VLOOKUP(CECCZ&$A$1&$G$2&$H$2&$C84,CZ12TempReset,7,0),IF(CECCZ="CZ13",VLOOKUP(CECCZ&$A$1&$G$2&$H$2&$C84,CZ13TempReset,7,0))))) -> -0.011327212 | H84: =IF($B$1="CZ03",VLOOKUP(CECCZ&$A$1&$G$2&$H$2&$C84,CZ03TempReset,8,0),IF($B$1="CZ04",VLOOKUP(CECCZ&$A$1&$G$2&$H$2&$C84,CZ04TempReset,8,0),IF(CECCZ="CZ12",VLOOKUP(CECCZ&$A$1&$G$2&$H$2&$C84,CZ12TempReset,8,0),IF(CECCZ="CZ13",VLOOKUP(CECCZ&$A$1&$G$2&$H$2&$C84,CZ13TempReset,8,0))))) -> 12.447046 | I84: =(E84*G84+H84)/100 -> 0.11516558 | J84: =D84*I84 -> 30.521688
B85: =CSSB!$L$7 -> 5 | C85: 3 | D85: =CSSB!$N$7 -> 265.02439 | E85: =CSSB!$M$7 -> 82.146235 | F85: =IF(E85<75,1,IF(AND(E85>=75, E85<95),2,IF(E85>=95,3))) -> 2 | G85: =IF($B$1="CZ03",VLOOKUP(CECCZ&$A$1&$G$2&$H$2&$C85,CZ03TempReset,7,0),IF($B$1="CZ04",VLOOKUP(CECCZ&$A$1&$G$2&$H$2&$C85,CZ04TempReset,7,0),IF(CECCZ="CZ12",VLOOKUP(CECCZ&$A$1&$G$2&$H$2&$C85,CZ12TempReset,7,0),IF(CECCZ="CZ13",VLOOKUP(CECCZ&$A$1&$G$2&$H$2&$C85,CZ13TempReset,7,0))))) -> -0.011327212 | H85: =IF($B$1="CZ03",VLOOKUP(CECCZ&$A$1&$G$2&$H$2&$C85,CZ03TempReset,8,0),IF($B$1="CZ04",VLOOKUP(CECCZ&$A$1&$G$2&$H$2&$C85,CZ04TempReset,8,0),IF(CECCZ="CZ12",VLOOKUP(CECCZ&$A$1&$G$2&$H$2&$C85,CZ12TempReset,8,0),IF(CECCZ="CZ13",VLOOKUP(CECCZ&$A$1&$G$2&$H$2&$C85,CZ13TempReset,8,0))))) -> 12.447046 | I85: =(E85*G85+H85)/100 -> 0.11516558 | J85: =D85*I85 -> 30.521688
B86: =CSSB!$L$7 -> 5 | C86: 3 | D86: =CSSB!$N$7 -> 265.02439 | E86: =CSSB!$M$7 -> 82.146235 | F86: =IF(E86<75,1,IF(AND(E86>=75, E86<95),2,IF(E86>=95,3))) -> 2 | G86: =IF($B$1="CZ03",VLOOKUP(CECCZ&$A$1&$G$2&$H$2&$C86,CZ03TempReset,7,0),IF($B$1="CZ04",VLOOKUP(CECCZ&$A$1&$G$2&$H$2&$C86,CZ04TempReset,7,0),IF(CECCZ="CZ12",VLOOKUP(CECCZ&$A$1&$G$2&$H$2&$C86,CZ12TempReset,7,0),IF(CECCZ="CZ13",VLOOKUP(CECCZ&$A$1&$G$2&$H$2&$C86,CZ13TempReset,7,0))))) -> -0.011327212 | H86: =IF($B$1="CZ03",VLOOKUP(CECCZ&$A$1&$G$2&$H$2&$C86,CZ03TempReset,8,0),IF($B$1="CZ04",VLOOKUP(CECCZ&$A$1&$G$2&$H$2&$C86,CZ04TempReset,8,0),IF(CECCZ="CZ12",VLOOKUP(CECCZ&$A$1&$G$2&$H$2&$C86,CZ12TempReset,8,0),IF(CECCZ="CZ13",VLOOKUP(CECCZ&$A$1&$G$2&$H$2&$C86,CZ13TempReset,8,0))))) -> 12.447046 | I86: =(E86*G86+H86)/100 -> 0.11516558 | J86: =D86*I86 -> 30.521688
... B90: =CSSB!$L$7 -> 5 | C90: 4 | D90: =CSSB!$N$7 -> 265.02439 | E90: =CSSB!$M$7 -> 82.146235 | F90: =IF(E90<75,1,IF(AND(E90>=75, E90<95),2,IF(E90>=95,3))) -> 2 | G90: =IF($B$1="CZ03",VLOOKUP(CECCZ&$A$1&$G$2&$H$2&$C90,CZ03TempReset,7,0),IF($B$1="CZ04",VLOOKUP(CECCZ&$A$1&$G$2&$H$2&$C90,CZ04TempReset,7,0),IF(CECCZ="CZ12",VLOOKUP(CECCZ&$A$1&$G$2&$H$2&$C90,CZ12TempReset,7,0),IF(CECCZ="CZ13",VLOOKUP(CECCZ&$A$1&$G$2&$H$2&$C90,CZ13TempReset,7,0))))) -> -0.040987151 | H90: =IF($B$1="CZ03",VLOOKUP(CECCZ&$A$1&$G$2&$H$2&$C90,CZ03TempReset,8,0),IF($B$1="CZ04",VLOOKUP(CECCZ&$A$1&$G$2&$H$2&$C90,CZ04TempReset,8,0),IF(CECCZ="CZ12",VLOOKUP(CECCZ&$A$1&$G$2&$H$2&$C90,CZ12TempReset,8,0),IF(CECCZ="CZ13",VLOOKUP(CECCZ&$A$1&$G$2&$H$2&$C90,CZ13TempReset,8,0))))) -> 12.485388 | I90: =(E90*G90+H90)/100 -> 0.091184477 | J90: =D90*I90 -> 24.16611
B92: TempRange | C92: hour | D92: power | E92: oat | F92: range | G92: =PrecoolDegrees -> 0 | H92: =TempResetDegrees -> 4 | I92: DR% | J92: DR (kW)
B93: =CSSB!$L$8 -> 6 | C93: 1 | D93: =CSSB!$N$8 -> 253.42553 | E93: =CSSB!$M$8 -> 87.56052 | F93: =IF(E93<75,1,IF(AND(E93>=75, E93<95),2,IF(E93>=95,3))) -> 2 | G93: =IF($B$1="CZ03",VLOOKUP(CECCZ&$A$1&$G$2&$H$2&$C93,CZ03TempReset,7,0),IF($B$1="CZ04",VLOOKUP(CECCZ&$A$1&$G$2&$H$2&$C93,CZ04TempReset,7,0),IF(CECCZ="CZ12",VLOOKUP(CECCZ&$A$1&$G$2&$H$2&$C93,CZ12TempReset,7,0),IF(CECCZ="CZ13",VLOOKUP(CECCZ&$A$1&$G$2&$H$2&$C93,CZ13TempReset,7,0))))) -> 0.1920332 | H93: =IF($B$1="CZ03",VLOOKUP(CECCZ&$A$1&$G$2&$H$2&$C93,CZ03TempReset,8,0),IF($B$1="CZ04",VLOOKUP(CECCZ&$A$1&$G$2&$H$2&$C93,CZ04TempReset,8,0),IF(CECCZ="CZ12",VLOOKUP(CECCZ&$A$1&$G$2&$H$2&$C93,CZ12TempReset,8,0),IF(CECCZ="CZ13",VLOOKUP(CECCZ&$A$1&$G$2&$H$2&$C93,CZ13TempReset,8,0))))) -> -4.7190127 | I93: =(E93*G93+H93)/100 -> 0.12095514 | J93: =D93*I93 -> 30.653121
B94: =CSSB!$L$8 -> 6 | C94: 1 | D94: =CSSB!$N$8 -> 253.42553 | E94: =CSSB!$M$8 -> 87.56052 | F94: =IF(E94<75,1,IF(AND(E94>=75, E94<95),2,IF(E94>=95,3))) -> 2 | G94: =IF($B$1="CZ03",VLOOKUP(CECCZ&$A$1&$G$2&$H$2&$C94,CZ03TempReset,7,0),IF($B$1="CZ04",VLOOKUP(CECCZ&$A$1&$G$2&$H$2&$C94,CZ04TempReset,7,0),IF(CECCZ="CZ12",VLOOKUP(CECCZ&$A$1&$G$2&$H$2&$C94,CZ12TempReset,7,0),IF(CECCZ="CZ13",VLOOKUP(CECCZ&$A$1&$G$2&$H$2&$C94,CZ13TempReset,7,0))))) -> 0.1920332 | H94: =IF($B$1="CZ03",VLOOKUP(CECCZ&$A$1&$G$2&$H$2&$C94,CZ03TempReset,8,0),IF($B$1="CZ04",VLOOKUP(CECCZ&$A$1&$G$2&$H$2&$C94,CZ04TempReset,8,0),IF(CECCZ="CZ12",VLOOKUP(CECCZ&$A$1&$G$2&$H$2&$C94,CZ12TempReset,8,0),IF(CECCZ="CZ13",VLOOKUP(CECCZ&$A$1&$G$2&$H$2&$C94,CZ13TempReset,8,0))))) -> -4.7190127 | I94: =(E94*G94+H94)/100 -> 0.12095514 | J94: =D94*I94 -> 30.653121
B95: =CSSB!$L$8 -> 6 | C95: 1 | D95: =CSSB!$N$8 -> 253.42553 | E95: =CSSB!$M$8 -> 87.56052 | F95: =IF(E95<75,1,IF(AND(E95>=75, E95<95),2,IF(E95>=95,3))) -> 2 | G95: =IF($B$1="CZ03",VLOOKUP(CECCZ&$A$1&$G$2&$H$2&$C95,CZ03TempReset,7,0),IF($B$1="CZ04",VLOOKUP(CECCZ&$A$1&$G$2&$H$2&$C95,CZ04TempReset,7,0),IF(CECCZ="CZ12",VLOOKUP(CECCZ&$A$1&$G$2&$H$2&$C95,CZ12TempReset,7,0),IF(CECCZ="CZ13",VLOOKUP(CECCZ&$A$1&$G$2&$H$2&$C95,CZ13TempReset,7,0))))) -> 0.1920332 | H95: =IF($B$1="CZ03",VLOOKUP(CECCZ&$A$1&$G$2&$H$2&$C95,CZ03TempReset,8,0),IF($B$1="CZ04",VLOOKUP(CECCZ&$A$1&$G$2&$H$2&$C95,CZ04TempReset,8,0),IF(CECCZ="CZ12",VLOOKUP(CECCZ&$A$1&$G$2&$H$2&$C95,CZ12TempReset,8,0),IF(CECCZ="CZ13",VLOOKUP(CECCZ&$A$1&$G$2&$H$2&$C95,CZ13TempReset,8,0))))) -> -4.7190127 | I95: =(E95*G95+H95)/100 -> 0.12095514 | J95: =D95*I95 -> 30.653121
B96: =CSSB!$L$8 -> 6 | C96: 1 | D96: =CSSB!$N$8 -> 253.42553 | E96: =CSSB!$M$8 -> 87.56052 | F96: =IF(E96<75,1,IF(AND(E96>=75, E96<95),2,IF(E96>=95,3))) -> 2 | G96: =IF($B$1="CZ03",VLOOKUP(CECCZ&$A$1&$G$2&$H$2&$C96,CZ03TempReset,7,0),IF($B$1="CZ04",VLOOKUP(CECCZ&$A$1&$G$2&$H$2&$C96,CZ04TempReset,7,0),IF(CECCZ="CZ12",VLOOKUP(CECCZ&$A$1&$G$2&$H$2&$C96,CZ12TempReset,7,0),IF(CECCZ="CZ13",VLOOKUP(CECCZ&$A$1&$G$2&$H$2&$C96,CZ13TempReset,7,0))))) -> 0.1920332 | H96: =IF($B$1="CZ03",VLOOKUP(CECCZ&$A$1&$G$2&$H$2&$C96,CZ03TempReset,8,0),IF($B$1="CZ04",VLOOKUP(CECCZ&$A$1&$G$2&$H$2&$C96,CZ04TempReset,8,0),IF(CECCZ="CZ12",VLOOKUP(CECCZ&$A$1&$G$2&$H$2&$C96,CZ12TempReset,8,0),IF(CECCZ="CZ13",VLOOKUP(CECCZ&$A$1&$G$2&$H$2&$C96,CZ13TempReset,8,0))))) -> -4.7190127 | I96: =(E96*G96+H96)/100 -> 0.12095514 | J96: =D96*I96 -> 30.653121
B97: =CSSB!$L$8 -> 6 | C97: 2 | D97: =CSSB!$N$8 -> 253.42553 | E97: =CSSB!$M$8 -> 87.56052 | F97: =IF(E97<75,1,IF(AND(E97>=75, E97<95),2,IF(E97>=95,3))) -> 2 | G97: =IF($B$1="CZ03",VLOOKUP(CECCZ&$A$1&$G$2&$H$2&$C97,CZ03TempReset,7,0),IF($B$1="CZ04",VLOOKUP(CECCZ&$A$1&$G$2&$H$2&$C97,CZ04TempReset,7,0),IF(CECCZ="CZ12",VLOOKUP(CECCZ&$A$1&$G$2&$H$2&$C97,CZ12TempReset,7,0),IF(CECCZ="CZ13",VLOOKUP(CECCZ&$A$1&$G$2&$H$2&$C97,CZ13TempReset,7,0))))) -> 0.021673981 | H97: =IF($B$1="CZ03",VLOOKUP(CECCZ&$A$1&$G$2&$H$2&$C97,CZ03TempReset,8,0),IF($B$1="CZ04",VLOOKUP(CECCZ&$A$1&$G$2&$H$2&$C97,CZ04TempReset,8,0),IF(CECCZ="CZ12",VLOOKUP(CECCZ&$A$1&$G$2&$H$2&$C97,CZ12TempReset,8,0),IF(CECCZ="CZ13",VLOOKUP(CECCZ&$A$1&$G$2&$H$2&$C97,CZ13TempReset,8,0))))) -> 9.8639142 | I97: =(E97*G97+H97)/100 -> 0.11761699 | J97: =D97*I97 -> 29.807149
B98: =CSSB!$L$8 -> 6 | C98: 2 | D98: =CSSB!$N$8 -> 253.42553 | E98: =CSSB!$M$8 -> 87.56052 | F98: =IF(E98<75,1,IF(AND(E98>=75, E98<95),2,IF(E98>=95,3))) -> 2 | G98: =IF($B$1="CZ03",VLOOKUP(CECCZ&$A$1&$G$2&$H$2&$C98,CZ03TempReset,7,0),IF($B$1="CZ04",VLOOKUP(CECCZ&$A$1&$G$2&$H$2&$C98,CZ04TempReset,7,0),IF(CECCZ="CZ12",VLOOKUP(CECCZ&$A$1&$G$2&$H$2&$C98,CZ12TempReset,7,0),IF(CECCZ="CZ13",VLOOKUP(CECCZ&$A$1&$G$2&$H$2&$C98,CZ13TempReset,7,0))))) -> 0.021673981 | H98: =IF($B$1="CZ03",VLOOKUP(CECCZ&$A$1&$G$2&$H$2&$C98,CZ03TempReset,8,0),IF($B$1="CZ04",VLOOKUP(CECCZ&$A$1&$G$2&$H$2&$C98,CZ04TempReset,8,0),IF(CECCZ="CZ12",VLOOKUP(CECCZ&$A$1&$G$2&$H$2&$C98,CZ12TempReset,8,0),IF(CECCZ="CZ13",VLOOKUP(CECCZ&$A$1&$G$2&$H$2&$C98,CZ13TempReset,8,0))))) -> 9.8639142 | I98: =(E98*G98+H98)/100 -> 0.11761699 | J98: =D98*I98 -> 29.807149
B99: =CSSB!$L$8 -> 6 | C99: 2 | D99: =CSSB!$N$8 -> 253.42553 | E99: =CSSB!$M$8 -> 87.56052 | F99: =IF(E99<75,1,IF(AND(E99>=75, E99<95),2,IF(E99>=95,3))) -> 2 | G99: =IF($B$1="CZ03",VLOOKUP(CECCZ&$A$1&$G$2&$H$2&$C99,CZ03TempReset,7,0),IF($B$1="CZ04",VLOOKUP(CECCZ&$A$1&$G$2&$H$2&$C99,CZ04TempReset,7,0),IF(CECCZ="CZ12",VLOOKUP(CECCZ&$A$1&$G$2&$H$2&$C99,CZ12TempReset,7,0),IF(CECCZ="CZ13",VLOOKUP(CECCZ&$A$1&$G$2&$H$2&$C99,CZ13TempReset,7,0))))) -> 0.021673981 | H99: =IF($B$1="CZ03",VLOOKUP(CECCZ&$A$1&$G$2&$H$2&$C99,CZ03TempReset,8,0),IF($B$1="CZ04",VLOOKUP(CECCZ&$A$1&$G$2&$H$2&$C99,CZ04TempReset,8,0),IF(CECCZ="CZ12",VLOOKUP(CECCZ&$A$1&$G$2&$H$2&$C99,CZ12TempReset,8,0),IF(CECCZ="CZ13",VLOOKUP(CECCZ&$A$1&$G$2&$H$2&$C99,CZ13TempReset,8,0))))) -> 9.8639142 | I99: =(E99*G99+H99)/100 -> 0.11761699 | J99: =D99*I99 -> 29.807149
B100: =CSSB!$L$8 -> 6 | C100: 2 | D100: =CSSB!$N$8 -> 253.42553 | E100: =CSSB!$M$8 -> 87.56052 | F100: =IF(E100<75,1,IF(AND(E100>=75, E100<95),2,IF(E100>=95,3))) -> 2 | G100: =IF($B$1="CZ03",VLOOKUP(CECCZ&$A$1&$G$2&$H$2&$C100,CZ03TempReset,7,0),IF($B$1="CZ04",VLOOKUP(CECCZ&$A$1&$G$2&$H$2&$C100,CZ04TempReset,7,0),IF(CECCZ="CZ12",VLOOKUP(CECCZ&$A$1&$G$2&$H$2&$C100,CZ12TempReset,7,0),IF(CECCZ="CZ13",VLOOKUP(CECCZ&$A$1&$G$2&$H$2&$C100,CZ13TempReset,7,0))))) -> 0.021673981 | H100: =IF($B$1="CZ03",VLOOKUP(CECCZ&$A$1&$G$2&$H$2&$C100,CZ03TempReset,8,0),IF($B$1="CZ04",VLOOKUP(CECCZ&$A$1&$G$2&$H$2&$C100,CZ04TempReset,8,0),IF(CECCZ="CZ12",VLOOKUP(CECCZ&$A$1&$G$2&$H$2&$C100,CZ12TempReset,8,0),IF(CECCZ="CZ13",VLOOKUP(CECCZ&$A$1&$G$2&$H$2&$C100,CZ13TempReset,8,0))))) -> 9.8639142 | I100: =(E100*G100+H100)/100 -> 0.11761699 | J100: =D100*I100 -> 29.807149
B101: =CSSB!$L$8 -> 6 | C101: 3 | D101: =CSSB!$N$8 -> 253.42553 | E101: =CSSB!$M$8 -> 87.56052 | F101: =IF(E101<75,1,IF(AND(E101>=75, E101<95),2,IF(E101>=95,3))) -> 2 | G101: =IF($B$1="CZ03",VLOOKUP(CECCZ&$A$1&$G$2&$H$2&$C101,CZ03TempReset,7,0),IF($B$1="CZ04",VLOOKUP(CECCZ&$A$1&$G$2&$H$2&$C101,CZ04TempReset,7,0),IF(CECCZ="CZ12",VLOOKUP(CECCZ&$A$1&$G$2&$H$2&$C101,CZ12TempReset,7,0),IF(CECCZ="CZ13",VLOOKUP(CECCZ&$A$1&$G$2&$H$2&$C101,CZ13TempReset,7,0))))) -> -0.011327212 | H101: =IF($B$1="CZ03",VLOOKUP(CECCZ&$A$1&$G$2&$H$2&$C101,CZ03TempReset,8,0),IF($B$1="CZ04",VLOOKUP(CECCZ&$A$1&$G$2&$H$2&$C101,CZ04TempReset,8,0),IF(CECCZ="CZ12",VLOOKUP(CECCZ&$A$1&$G$2&$H$2&$C101,CZ12TempReset,8,0),IF(CECCZ="CZ13",VLOOKUP(CECCZ&$A$1&$G$2&$H$2&$C101,CZ13TempReset,8,0))))) -> 12.447046 | I101: =(E101*G101+H101)/100 -> 0.11455229 | J101: =D101*I101 -> 29.030476
B102: =CSSB!$L$8 -> 6 | C102: 3 | D102: =CSSB!$N$8 -> 253.42553 | E102: =CSSB!$M$8 -> 87.56052 | F102: =IF(E102<75,1,IF(AND(E102>=75, E102<95),2,IF(E102>=95,3))) -> 2 | G102: =IF($B$1="CZ03",VLOOKUP(CECCZ&$A$1&$G$2&$H$2&$C102,CZ03TempReset,7,0),IF($B$1="CZ04",VLOOKUP(CECCZ&$A$1&$G$2&$H$2&$C102,CZ04TempReset,7,0),IF(CECCZ="CZ12",VLOOKUP(CECCZ&$A$1&$G$2&$H$2&$C102,CZ12TempReset,7,0),IF(CECCZ="CZ13",VLOOKUP(CECCZ&$A$1&$G$2&$H$2&$C102,CZ13TempReset,7,0))))) -> -0.011327212 | H102: =IF($B$1="CZ03",VLOOKUP(CECCZ&$A$1&$G$2&$H$2&$C102,CZ03TempReset,8,0),IF($B$1="CZ04",VLOOKUP(CECCZ&$A$1&$G$2&$H$2&$C102,CZ04TempReset,8,0),IF(CECCZ="CZ12",VLOOKUP(CECCZ&$A$1&$G$2&$H$2&$C102,CZ12TempReset,8,0),IF(CECCZ="CZ13",VLOOKUP(CECCZ&$A$1&$G$2&$H$2&$C102,CZ13TempReset,8,0))))) -> 12.447046 | I102: =(E102*G102+H102)/100 -> 0.11455229 | J102: =D102*I102 -> 29.030476
B103: =CSSB!$L$8 -> 6 | C103: 3 | D103: =CSSB!$N$8 -> 253.42553 | E103: =CSSB!$M$8 -> 87.56052 | F103: =IF(E103<75,1,IF(AND(E103>=75, E103<95),2,IF(E103>=95,3))) -> 2 | G103: =IF($B$1="CZ03",VLOOKUP(CECCZ&$A$1&$G$2&$H$2&$C103,CZ03TempReset,7,0),IF($B$1="CZ04",VLOOKUP(CECCZ&$A$1&$G$2&$H$2&$C103,CZ04TempReset,7,0),IF(CECCZ="CZ12",VLOOKUP(CECCZ&$A$1&$G$2&$H$2&$C103,CZ12TempReset,7,0),IF(CECCZ="CZ13",VLOOKUP(CECCZ&$A$1&$G$2&$H$2&$C103,CZ13TempReset,7,0))))) -> -0.011327212 | H103: =IF($B$1="CZ03",VLOOKUP(CECCZ&$A$1&$G$2&$H$2&$C103,CZ03TempReset,8,0),IF($B$1="CZ04",VLOOKUP(CECCZ&$A$1&$G$2&$H$2&$C103,CZ04TempReset,8,0),IF(CECCZ="CZ12",VLOOKUP(CECCZ&$A$1&$G$2&$H$2&$C103,CZ12TempReset,8,0),IF(CECCZ="CZ13",VLOOKUP(CECCZ&$A$1&$G$2&$H$2&$C103,CZ13TempReset,8,0))))) -> 12.447046 | I103: =(E103*G103+H103)/100 -> 0.11455229 | J103: =D103*I103 -> 29.030476
B104: =CSSB!$L$8 -> 6 | C104: 3 | D104: =CSSB!$N$8 -> 253.42553 | E104: =CSSB!$M$8 -> 87.56052 | F104: =IF(E104<75,1,IF(AND(E104>=75, E104<95),2,IF(E104>=95,3))) -> 2 | G104: =IF($B$1="CZ03",VLOOKUP(CECCZ&$A$1&$G$2&$H$2&$C104,CZ03TempReset,7,0),IF($B$1="CZ04",VLOOKUP(CECCZ&$A$1&$G$2&$H$2&$C104,CZ04TempReset,7,0),IF(CECCZ="CZ12",VLOOKUP(CECCZ&$A$1&$G$2&$H$2&$C104,CZ12TempReset,7,0),IF(CECCZ="CZ13",VLOOKUP(CECCZ&$A$1&$G$2&$H$2&$C104,CZ13TempReset,7,0))))) -> -0.011327212 | H104: =IF($B$1="CZ03",VLOOKUP(CECCZ&$A$1&$G$2&$H$2&$C104,CZ03TempReset,8,0),IF($B$1="CZ04",VLOOKUP(CECCZ&$A$1&$G$2&$H$2&$C104,CZ04TempReset,8,0),IF(CECCZ="CZ12",VLOOKUP(CECCZ&$A$1&$G$2&$H$2&$C104,CZ12TempReset,8,0),IF(CECCZ="CZ13",VLOOKUP(CECCZ&$A$1&$G$2&$H$2&$C104,CZ13TempReset,8,0))))) -> 12.447046 | I104: =(E104*G104+H104)/100 -> 0.11455229 | J104: =D104*I104 -> 29.030476
... B108: =CSSB!$L$8 -> 6 | C108: 4 | D108: =CSSB!$N$8 -> 253.42553 | E108: =CSSB!$M$8 -> 87.56052 | F108: =IF(E108<75,1,IF(AND(E108>=75, E108<95),2,IF(E108>=95,3))) -> 2 | G108: =IF($B$1="CZ03",VLOOKUP(CECCZ&$A$1&$G$2&$H$2&$C108,CZ03TempReset,7,0),IF($B$1="CZ04",VLOOKUP(CECCZ&$A$1&$G$2&$H$2&$C108,CZ04TempReset,7,0),IF(CECCZ="CZ12",VLOOKUP(CECCZ&$A$1&$G$2&$H$2&$C108,CZ12TempReset,7,0),IF(CECCZ="CZ13",VLOOKUP(CECCZ&$A$1&$G$2&$H$2&$C108,CZ13TempReset,7,0))))) -> -0.040987151 | H108: =IF($B$1="CZ03",VLOOKUP(CECCZ&$A$1&$G$2&$H$2&$C108,CZ03TempReset,8,0),IF($B$1="CZ04",VLOOKUP(CECCZ&$A$1&$G$2&$H$2&$C108,CZ04TempReset,8,0),IF(CECCZ="CZ12",VLOOKUP(CECCZ&$A$1&$G$2&$H$2&$C108,CZ12TempReset,8,0),IF(CECCZ="CZ13",VLOOKUP(CECCZ&$A$1&$G$2&$H$2&$C108,CZ13TempReset,8,0))))) -> 12.485388 | I108: =(E108*G108+H108)/100 -> 0.088965316 | J108: =D108*I108 -> 22.546082
B110: TempRange | C110: hour | D110: power | E110: oat | F110: range | G110: =PrecoolDegrees -> 0 | H110: =TempResetDegrees -> 4 | I110: DR% | J110: DR (kW)
B111: =CSSB!$L$9 -> 7 | C111: 1 | D111: =CSSB!$N$9 -> 248.66667 | E111: =CSSB!$M$9 -> 90.794444 | F111: =IF(E111<75,1,IF(AND(E111>=75, E111<95),2,IF(E111>=95,3))) -> 2 | G111: =IF($B$1="CZ03",VLOOKUP(CECCZ&$A$1&$G$2&$H$2&$C111,CZ03TempReset,7,0),IF($B$1="CZ04",VLOOKUP(CECCZ&$A$1&$G$2&$H$2&$C111,CZ04TempReset,7,0),IF(CECCZ="CZ12",VLOOKUP(CECCZ&$A$1&$G$2&$H$2&$C111,CZ12TempReset,7,0),IF(CECCZ="CZ13",VLOOKUP(CECCZ&$A$1&$G$2&$H$2&$C111,CZ13TempReset,7,0))))) -> 0.1920332 | H111: =IF($B$1="CZ03",VLOOKUP(CECCZ&$A$1&$G$2&$H$2&$C111,CZ03TempReset,8,0),IF($B$1="CZ04",VLOOKUP(CECCZ&$A$1&$G$2&$H$2&$C111,CZ04TempReset,8,0),IF(CECCZ="CZ12",VLOOKUP(CECCZ&$A$1&$G$2&$H$2&$C111,CZ12TempReset,8,0),IF(CECCZ="CZ13",VLOOKUP(CECCZ&$A$1&$G$2&$H$2&$C111,CZ13TempReset,8,0))))) -> -4.7190127 | I111: =(E111*G111+H111)/100 -> 0.12716535 | J111: =D111*I111 -> 31.621783
B112: =CSSB!$L$9 -> 7 | C112: 1 | D112: =CSSB!$N$9 -> 248.66667 | E112: =CSSB!$M$9 -> 90.794444 | F112: =IF(E112<75,1,IF(AND(E112>=75, E112<95),2,IF(E112>=95,3))) -> 2 | G112: =IF($B$1="CZ03",VLOOKUP(CECCZ&$A$1&$G$2&$H$2&$C112,CZ03TempReset,7,0),IF($B$1="CZ04",VLOOKUP(CECCZ&$A$1&$G$2&$H$2&$C112,CZ04TempReset,7,0),IF(CECCZ="CZ12",VLOOKUP(CECCZ&$A$1&$G$2&$H$2&$C112,CZ12TempReset,7,0),IF(CECCZ="CZ13",VLOOKUP(CECCZ&$A$1&$G$2&$H$2&$C112,CZ13TempReset,7,0))))) -> 0.1920332 | H112: =IF($B$1="CZ03",VLOOKUP(CECCZ&$A$1&$G$2&$H$2&$C112,CZ03TempReset,8,0),IF($B$1="CZ04",VLOOKUP(CECCZ&$A$1&$G$2&$H$2&$C112,CZ04TempReset,8,0),IF(CECCZ="CZ12",VLOOKUP(CECCZ&$A$1&$G$2&$H$2&$C112,CZ12TempReset,8,0),IF(CECCZ="CZ13",VLOOKUP(CECCZ&$A$1&$G$2&$H$2&$C112,CZ13TempReset,8,0))))) -> -4.7190127 | I112: =(E112*G112+H112)/100 -> 0.12716535 | J112: =D112*I112 -> 31.621783
B113: =CSSB!$L$9 -> 7 | C113: 1 | D113: =CSSB!$N$9 -> 248.66667 | E113: =CSSB!$M$9 -> 90.794444 | F113: =IF(E113<75,1,IF(AND(E113>=75, E113<95),2,IF(E113>=95,3))) -> 2 | G113: =IF($B$1="CZ03",VLOOKUP(CECCZ&$A$1&$G$2&$H$2&$C113,CZ03TempReset,7,0),IF($B$1="CZ04",VLOOKUP(CECCZ&$A$1&$G$2&$H$2&$C113,CZ04TempReset,7,0),IF(CECCZ="CZ12",VLOOKUP(CECCZ&$A$1&$G$2&$H$2&$C113,CZ12TempReset,7,0),IF(CECCZ="CZ13",VLOOKUP(CECCZ&$A$1&$G$2&$H$2&$C113,CZ13TempReset,7,0))))) -> 0.1920332 | H113: =IF($B$1="CZ03",VLOOKUP(CECCZ&$A$1&$G$2&$H$2&$C113,CZ03TempReset,8,0),IF($B$1="CZ04",VLOOKUP(CECCZ&$A$1&$G$2&$H$2&$C113,CZ04TempReset,8,0),IF(CECCZ="CZ12",VLOOKUP(CECCZ&$A$1&$G$2&$H$2&$C113,CZ12TempReset,8,0),IF(CECCZ="CZ13",VLOOKUP(CECCZ&$A$1&$G$2&$H$2&$C113,CZ13TempReset,8,0))))) -> -4.7190127 | I113: =(E113*G113+H113)/100 -> 0.12716535 | J113: =D113*I113 -> 31.621783
B114: =CSSB!$L$9 -> 7 | C114: 1 | D114: =CSSB!$N$9 -> 248.66667 | E114: =CSSB!$M$9 -> 90.794444 | F114: =IF(E114<75,1,IF(AND(E114>=75, E114<95),2,IF(E114>=95,3))) -> 2 | G114: =IF($B$1="CZ03",VLOOKUP(CECCZ&$A$1&$G$2&$H$2&$C114,CZ03TempReset,7,0),IF($B$1="CZ04",VLOOKUP(CECCZ&$A$1&$G$2&$H$2&$C114,CZ04TempReset,7,0),IF(CECCZ="CZ12",VLOOKUP(CECCZ&$A$1&$G$2&$H$2&$C114,CZ12TempReset,7,0),IF(CECCZ="CZ13",VLOOKUP(CECCZ&$A$1&$G$2&$H$2&$C114,CZ13TempReset,7,0))))) -> 0.1920332 | H114: =IF($B$1="CZ03",VLOOKUP(CECCZ&$A$1&$G$2&$H$2&$C114,CZ03TempReset,8,0),IF($B$1="CZ04",VLOOKUP(CECCZ&$A$1&$G$2&$H$2&$C114,CZ04TempReset,8,0),IF(CECCZ="CZ12",VLOOKUP(CECCZ&$A$1&$G$2&$H$2&$C114,CZ12TempReset,8,0),IF(CECCZ="CZ13",VLOOKUP(CECCZ&$A$1&$G$2&$H$2&$C114,CZ13TempReset,8,0))))) -> -4.7190127 | I114: =(E114*G114+H114)/100 -> 0.12716535 | J114: =D114*I114 -> 31.621783
B115: =CSSB!$L$9 -> 7 | C115: 2 | D115: =CSSB!$N$9 -> 248.66667 | E115: =CSSB!$M$9 -> 90.794444 | F115: =IF(E115<75,1,IF(AND(E115>=75, E115<95),2,IF(E115>=95,3))) -> 2 | G115: =IF($B$1="CZ03",VLOOKUP(CECCZ&$A$1&$G$2&$H$2&$C115,CZ03TempReset,7,0),IF($B$1="CZ04",VLOOKUP(CECCZ&$A$1&$G$2&$H$2&$C115,CZ04TempReset,7,0),IF(CECCZ="CZ12",VLOOKUP(CECCZ&$A$1&$G$2&$H$2&$C115,CZ12TempReset,7,0),IF(CECCZ="CZ13",VLOOKUP(CECCZ&$A$1&$G$2&$H$2&$C115,CZ13TempReset,7,0))))) -> 0.021673981 | H115: =IF($B$1="CZ03",VLOOKUP(CECCZ&$A$1&$G$2&$H$2&$C115,CZ03TempReset,8,0),IF($B$1="CZ04",VLOOKUP(CECCZ&$A$1&$G$2&$H$2&$C115,CZ04TempReset,8,0),IF(CECCZ="CZ12",VLOOKUP(CECCZ&$A$1&$G$2&$H$2&$C115,CZ12TempReset,8,0),IF(CECCZ="CZ13",VLOOKUP(CECCZ&$A$1&$G$2&$H$2&$C115,CZ13TempReset,8,0))))) -> 9.8639142 | I115: =(E115*G115+H115)/100 -> 0.11831791 | J115: =D115*I115 -> 29.421721
B116: =CSSB!$L$9 -> 7 | C116: 2 | D116: =CSSB!$N$9 -> 248.66667 | E116: =CSSB!$M$9 -> 90.794444 | F116: =IF(E116<75,1,IF(AND(E116>=75, E116<95),2,IF(E116>=95,3))) -> 2 | G116: =IF($B$1="CZ03",VLOOKUP(CECCZ&$A$1&$G$2&$H$2&$C116,CZ03TempReset,7,0),IF($B$1="CZ04",VLOOKUP(CECCZ&$A$1&$G$2&$H$2&$C116,CZ04TempReset,7,0),IF(CECCZ="CZ12",VLOOKUP(CECCZ&$A$1&$G$2&$H$2&$C116,CZ12TempReset,7,0),IF(CECCZ="CZ13",VLOOKUP(CECCZ&$A$1&$G$2&$H$2&$C116,CZ13TempReset,7,0))))) -> 0.021673981 | H116: =IF($B$1="CZ03",VLOOKUP(CECCZ&$A$1&$G$2&$H$2&$C116,CZ03TempReset,8,0),IF($B$1="CZ04",VLOOKUP(CECCZ&$A$1&$G$2&$H$2&$C116,CZ04TempReset,8,0),IF(CECCZ="CZ12",VLOOKUP(CECCZ&$A$1&$G$2&$H$2&$C116,CZ12TempReset,8,0),IF(CECCZ="CZ13",VLOOKUP(CECCZ&$A$1&$G$2&$H$2&$C116,CZ13TempReset,8,0))))) -> 9.8639142 | I116: =(E116*G116+H116)/100 -> 0.11831791 | J116: =D116*I116 -> 29.421721
B117: =CSSB!$L$9 -> 7 | C117: 2 | D117: =CSSB!$N$9 -> 248.66667 | E117: =CSSB!$M$9 -> 90.794444 | F117: =IF(E117<75,1,IF(AND(E117>=75, E117<95),2,IF(E117>=95,3))) -> 2 | G117: =IF($B$1="CZ03",VLOOKUP(CECCZ&$A$1&$G$2&$H$2&$C117,CZ03TempReset,7,0),IF($B$1="CZ04",VLOOKUP(CECCZ&$A$1&$G$2&$H$2&$C117,CZ04TempReset,7,0),IF(CECCZ="CZ12",VLOOKUP(CECCZ&$A$1&$G$2&$H$2&$C117,CZ12TempReset,7,0),IF(CECCZ="CZ13",VLOOKUP(CECCZ&$A$1&$G$2&$H$2&$C117,CZ13TempReset,7,0))))) -> 0.021673981 | H117: =IF($B$1="CZ03",VLOOKUP(CECCZ&$A$1&$G$2&$H$2&$C117,CZ03TempReset,8,0),IF($B$1="CZ04",VLOOKUP(CECCZ&$A$1&$G$2&$H$2&$C117,CZ04TempReset,8,0),IF(CECCZ="CZ12",VLOOKUP(CECCZ&$A$1&$G$2&$H$2&$C117,CZ12TempReset,8,0),IF(CECCZ="CZ13",VLOOKUP(CECCZ&$A$1&$G$2&$H$2&$C117,CZ13TempReset,8,0))))) -> 9.8639142 | I117: =(E117*G117+H117)/100 -> 0.11831791 | J117: =D117*I117 -> 29.421721
B118: =CSSB!$L$9 -> 7 | C118: 2 | D118: =CSSB!$N$9 -> 248.66667 | E118: =CSSB!$M$9 -> 90.794444 | F118: =IF(E118<75,1,IF(AND(E118>=75, E118<95),2,IF(E118>=95,3))) -> 2 | G118: =IF($B$1="CZ03",VLOOKUP(CECCZ&$A$1&$G$2&$H$2&$C118,CZ03TempReset,7,0),IF($B$1="CZ04",VLOOKUP(CECCZ&$A$1&$G$2&$H$2&$C118,CZ04TempReset,7,0),IF(CECCZ="CZ12",VLOOKUP(CECCZ&$A$1&$G$2&$H$2&$C118,CZ12TempReset,7,0),IF(CECCZ="CZ13",VLOOKUP(CECCZ&$A$1&$G$2&$H$2&$C118,CZ13TempReset,7,0))))) -> 0.021673981 | H118: =IF($B$1="CZ03",VLOOKUP(CECCZ&$A$1&$G$2&$H$2&$C118,CZ03TempReset,8,0),IF($B$1="CZ04",VLOOKUP(CECCZ&$A$1&$G$2&$H$2&$C118,CZ04TempReset,8,0),IF(CECCZ="CZ12",VLOOKUP(CECCZ&$A$1&$G$2&$H$2&$C118,CZ12TempReset,8,0),IF(CECCZ="CZ13",VLOOKUP(CECCZ&$A$1&$G$2&$H$2&$C118,CZ13TempReset,8,0))))) -> 9.8639142 | I118: =(E118*G118+H118)/100 -> 0.11831791 | J118: =D118*I118 -> 29.421721
B119: =CSSB!$L$9 -> 7 | C119: 3 | D119: =CSSB!$N$9 -> 248.66667 | E119: =CSSB!$M$9 -> 90.794444 | F119: =IF(E119<75,1,IF(AND(E119>=75, E119<95),2,IF(E119>=95,3))) -> 2 | G119: =IF($B$1="CZ03",VLOOKUP(CECCZ&$A$1&$G$2&$H$2&$C119,CZ03TempReset,7,0),IF($B$1="CZ04",VLOOKUP(CECCZ&$A$1&$G$2&$H$2&$C119,CZ04TempReset,7,0),IF(CECCZ="CZ12",VLOOKUP(CECCZ&$A$1&$G$2&$H$2&$C119,CZ12TempReset,7,0),IF(CECCZ="CZ13",VLOOKUP(CECCZ&$A$1&$G$2&$H$2&$C119,CZ13TempReset,7,0))))) -> -0.011327212 | H119: =IF($B$1="CZ03",VLOOKUP(CECCZ&$A$1&$G$2&$H$2&$C119,CZ03TempReset,8,0),IF($B$1="CZ04",VLOOKUP(CECCZ&$A$1&$G$2&$H$2&$C119,CZ04TempReset,8,0),IF(CECCZ="CZ12",VLOOKUP(CECCZ&$A$1&$G$2&$H$2&$C119,CZ12TempReset,8,0),IF(CECCZ="CZ13",VLOOKUP(CECCZ&$A$1&$G$2&$H$2&$C119,CZ13TempReset,8,0))))) -> 12.447046 | I119: =(E119*G119+H119)/100 -> 0.11418598 | J119: =D119*I119 -> 28.394247
B120: =CSSB!$L$9 -> 7 | C120: 3 | D120: =CSSB!$N$9 -> 248.66667 | E120: =CSSB!$M$9 -> 90.794444 | F120: =IF(E120<75,1,IF(AND(E120>=75, E120<95),2,IF(E120>=95,3))) -> 2 | G120: =IF($B$1="CZ03",VLOOKUP(CECCZ&$A$1&$G$2&$H$2&$C120,CZ03TempReset,7,0),IF($B$1="CZ04",VLOOKUP(CECCZ&$A$1&$G$2&$H$2&$C120,CZ04TempReset,7,0),IF(CECCZ="CZ12",VLOOKUP(CECCZ&$A$1&$G$2&$H$2&$C120,CZ12TempReset,7,0),IF(CECCZ="CZ13",VLOOKUP(CECCZ&$A$1&$G$2&$H$2&$C120,CZ13TempReset,7,0))))) -> -0.011327212 | H120: =IF($B$1="CZ03",VLOOKUP(CECCZ&$A$1&$G$2&$H$2&$C120,CZ03TempReset,8,0),IF($B$1="CZ04",VLOOKUP(CECCZ&$A$1&$G$2&$H$2&$C120,CZ04TempReset,8,0),IF(CECCZ="CZ12",VLOOKUP(CECCZ&$A$1&$G$2&$H$2&$C120,CZ12TempReset,8,0),IF(CECCZ="CZ13",VLOOKUP(CECCZ&$A$1&$G$2&$H$2&$C120,CZ13TempReset,8,0))))) -> 12.447046 | I120: =(E120*G120+H120)/100 -> 0.11418598 | J120: =D120*I120 -> 28.394247
B121: =CSSB!$L$9 -> 7 | C121: 3 | D121: =CSSB!$N$9 -> 248.66667 | E121: =CSSB!$M$9 -> 90.794444 | F121: =IF(E121<75,1,IF(AND(E121>=75, E121<95),2,IF(E121>=95,3))) -> 2 | G121: =IF($B$1="CZ03",VLOOKUP(CECCZ&$A$1&$G$2&$H$2&$C121,CZ03TempReset,7,0),IF($B$1="CZ04",VLOOKUP(CECCZ&$A$1&$G$2&$H$2&$C121,CZ04TempReset,7,0),IF(CECCZ="CZ12",VLOOKUP(CECCZ&$A$1&$G$2&$H$2&$C121,CZ12TempReset,7,0),IF(CECCZ="CZ13",VLOOKUP(CECCZ&$A$1&$G$2&$H$2&$C121,CZ13TempReset,7,0))))) -> -0.011327212 | H121: =IF($B$1="CZ03",VLOOKUP(CECCZ&$A$1&$G$2&$H$2&$C121,CZ03TempReset,8,0),IF($B$1="CZ04",VLOOKUP(CECCZ&$A$1&$G$2&$H$2&$C121,CZ04TempReset,8,0),IF(CECCZ="CZ12",VLOOKUP(CECCZ&$A$1&$G$2&$H$2&$C121,CZ12TempReset,8,0),IF(CECCZ="CZ13",VLOOKUP(CECCZ&$A$1&$G$2&$H$2&$C121,CZ13TempReset,8,0))))) -> 12.447046 | I121: =(E121*G121+H121)/100 -> 0.11418598 | J121: =D121*I121 -> 28.394247
B122: =CSSB!$L$9 -> 7 | C122: 3 | D122: =CSSB!$N$9 -> 248.66667 | E122: =CSSB!$M$9 -> 90.794444 | F122: =IF(E122<75,1,IF(AND(E122>=75, E122<95),2,IF(E122>=95,3))) -> 2 | G122: =IF($B$1="CZ03",VLOOKUP(CECCZ&$A$1&$G$2&$H$2&$C122,CZ03TempReset,7,0),IF($B$1="CZ04",VLOOKUP(CECCZ&$A$1&$G$2&$H$2&$C122,CZ04TempReset,7,0),IF(CECCZ="CZ12",VLOOKUP(CECCZ&$A$1&$G$2&$H$2&$C122,CZ12TempReset,7,0),IF(CECCZ="CZ13",VLOOKUP(CECCZ&$A$1&$G$2&$H$2&$C122,CZ13TempReset,7,0))))) -> -0.011327212 | H122: =IF($B$1="CZ03",VLOOKUP(CECCZ&$A$1&$G$2&$H$2&$C122,CZ03TempReset,8,0),IF($B$1="CZ04",VLOOKUP(CECCZ&$A$1&$G$2&$H$2&$C122,CZ04TempReset,8,0),IF(CECCZ="CZ12",VLOOKUP(CECCZ&$A$1&$G$2&$H$2&$C122,CZ12TempReset,8,0),IF(CECCZ="CZ13",VLOOKUP(CECCZ&$A$1&$G$2&$H$2&$C122,CZ13TempReset,8,0))))) -> 12.447046 | I122: =(E122*G122+H122)/100 -> 0.11418598 | J122: =D122*I122 -> 28.394247
... B126: =CSSB!$L$9 -> 7 | C126: 4 | D126: =CSSB!$N$9 -> 248.66667 | E126: =CSSB!$M$9 -> 90.794444 | F126: =IF(E126<75,1,IF(AND(E126>=75, E126<95),2,IF(E126>=95,3))) -> 2 | G126: =IF($B$1="CZ03",VLOOKUP(CECCZ&$A$1&$G$2&$H$2&$C126,CZ03TempReset,7,0),IF($B$1="CZ04",VLOOKUP(CECCZ&$A$1&$G$2&$H$2&$C126,CZ04TempReset,7,0),IF(CECCZ="CZ12",VLOOKUP(CECCZ&$A$1&$G$2&$H$2&$C126,CZ12TempReset,7,0),IF(CECCZ="CZ13",VLOOKUP(CECCZ&$A$1&$G$2&$H$2&$C126,CZ13TempReset,7,0))))) -> -0.040987151 | H126: =IF($B$1="CZ03",VLOOKUP(CECCZ&$A$1&$G$2&$H$2&$C126,CZ03TempReset,8,0),IF($B$1="CZ04",VLOOKUP(CECCZ&$A$1&$G$2&$H$2&$C126,CZ04TempReset,8,0),IF(CECCZ="CZ12",VLOOKUP(CECCZ&$A$1&$G$2&$H$2&$C126,CZ12TempReset,8,0),IF(CECCZ="CZ13",VLOOKUP(CECCZ&$A$1&$G$2&$H$2&$C126,CZ13TempReset,8,0))))) -> 12.485388 | I126: =(E126*G126+H126)/100 -> 0.087639822 | J126: =D126*I126 -> 21.793102

Sheet Outside Temp
A1: Date | B1: CZ03 | C1: CZ04 | D1: CZ12 | E1: CZ13
A2: 42125.042 | B2: 63.733333 | C2: 63.766667 | D2: 61.766667 | E2: 69.766667
A3: 42125.052 | B3: 62.733333 | C3: 63.266667 | D3: 61.266667 | E3: 69.266667
A4: 42125.062 | B4: 61.733333 | C4: 62.766667 | D4: 60.766667 | E4: 68.766667
A5: 42125.073 | B5: 60.733333 | C5: 62.266667 | D5: 60.266667 | E5: 68.266667
A6: 42125.083 | B6: 59.933333 | C6: 62.116667 | D6: 59.65 | E6: 67.883333
A7: 42125.094 | B7: 59.683333 | C7: 62.366667 | D7: 58.9 | E7: 67.633333
A8: 42125.104 | B8: 59.433333 | C8: 62.616667 | D8: 58.15 | E8: 67.383333
A9: 42125.115 | B9: 59.183333 | C9: 62.866667 | D9: 57.4 | E9: 67.133333
A10: 42125.125 | B10: 58.933333 | C10: 62.883333 | D10: 57 | E10: 66.766667
A11: 42125.135 | B11: 58.683333 | C11: 62.633333 | D11: 57 | E11: 66.266667
A12: 42125.146 | B12: 58.433333 | C12: 62.383333 | D12: 57 | E12: 65.766667
A13: 42125.156 | B13: 58.183333 | C13: 62.133333 | D13: 57 | E13: 65.266667
... A17661: 42308.99 | B17661: 61 | C17661: 61 | D17661: 52.133333 | E17661: 62

Sheet Category Lists
A2: Facility Type | D2: Dim % | F2: Y/N | H2: Precool °F | J2: Reset °F | L2: Duty Cycle | N2: HVAC DR Type | P2: HVAC Type | R2: PreviousDR
A4: Office | B4: OFF | D4: 20 | F4: Yes | H4: 0 | J4: 2 | L4: 15 | N4: HVAC Temp Reset | P4: Rooftop Unit | R4: Yes
A5: Retail | B5: RETL | D5: 30 | F5: No | H5: -2 | J5: 4 | L5: 20 | N5: Duty Cycle | P5: Central Plant | R5: No
D6: 40 | J6: 6 | L6: 30

Sheet Climate Zones
A1: ZIP | B1: COUNTY_NAME | C1: CECZONE | D1: PG&E CEUS CZ | E1: SCE CEUS CZ | G1: COUNTY_NAME | H1: PG&E CEUS Climate Zone | I1: SCE CEUS Climate Zone
A2: 94501 | B2: Alameda | C2: 3 | D2: =VLOOKUP(B2,$G$2:$I$59,2,0) -> 4 | E2: =VLOOKUP(B2,$G$2:$I$59,3,0) | G2: Alameda | H2: 4
A3: 94502 | B3: Alameda | C3: 3 | D3: =VLOOKUP(B3,$G$2:$I$59,2,0) -> 4 | E3: =VLOOKUP(B3,$G$2:$I$59,3,0) | G3: Alpine | H3: 14
A4: 94536 | B4: Alameda | C4: 3 | D4: =VLOOKUP(B4,$G$2:$I$59,2,0) -> 4 | E4: =VLOOKUP(B4,$G$2:$I$59,3,0) | G4: Amador | H4: 2
A5: 94538 | B5: Alameda | C5: 3 | D5: =VLOOKUP(B5,$G$2:$I$59,2,0) -> 4 | E5: =VLOOKUP(B5,$G$2:$I$59,3,0) | G5: Butte | H5: 3
A6: 94539 | B6: Alameda | C6: 3 | D6: =VLOOKUP(B6,$G$2:$I$59,2,0) -> 4 | E6: =VLOOKUP(B6,$G$2:$I$59,3,0) | G6: Calaveras
A7: 94541 | B7: Alameda | C7: 3 | D7: =VLOOKUP(B7,$G$2:$I$59,2,0) -> 4 | E7: =VLOOKUP(B7,$G$2:$I$59,3,0) | G7: Colusa | H7: 3
A8: 94542 | B8: Alameda | C8: 3 | D8: =VLOOKUP(B8,$G$2:$I$59,2,0) -> 4 | E8: =VLOOKUP(B8,$G$2:$I$59,3,0) | G8: Contra Costa | H8: 4
A9: 94544 | B9: Alameda | C9: 3 | D9: =VLOOKUP(B9,$G$2:$I$59,2,0) -> 4 | E9: =VLOOKUP(B9,$G$2:$I$59,3,0) | G9: Del Norte | H9: 14
A10: 94545 | B10: Alameda | C10: 3 | D10: =VLOOKUP(B10,$G$2:$I$59,2,0) -> 4 | E10: =VLOOKUP(B10,$G$2:$I$59,3,0) | G10: El Dorado | H10: 1
A11: 94546 | B11: Alameda | C11: 3 | D11: =VLOOKUP(B11,$G$2:$I$59,2,0) -> 4 | E11: =VLOOKUP(B11,$G$2:$I$59,3,0) | G11: Fresno | H11: 3 | I11: 7
A12: 94552 | B12: Alameda | C12: 3 | D12: =VLOOKUP(B12,$G$2:$I$59,2,0) -> 4 | E12: =VLOOKUP(B12,$G$2:$I$59,3,0) | G12: Glenn | H12: 3
A13: 94555 | B13: Alameda | C13: 3 | D13: =VLOOKUP(B13,$G$2:$I$59,2,0) -> 4 | E13: =VLOOKUP(B13,$G$2:$I$59,3,0) | G13: Humboldt | H13: 1
A14: 94560 | B14: Alameda | C14: 3 | D14: =VLOOKUP(B14,$G$2:$I$59,2,0) -> 4 | E14: =VLOOKUP(B14,$G$2:$I$59,3,0) | G14: Imperial
A15: 94568 | B15: Alameda | C15: 3 | D15: =VLOOKUP(B15,$G$2:$I$59,2,0) -> 4 | E15: =VLOOKUP(B15,$G$2:$I$59,3,0) | G15: Inyo
A16: 94577 | B16: Alameda | C16: 3 | D16: =VLOOKUP(B16,$G$2:$I$59,2,0) -> 4 | E16: =VLOOKUP(B16,$G$2:$I$59,3,0) | G16: Kern | H16: 3 | I16: 7
A17: 94578 | B17: Alameda | C17: 3 | D17: =VLOOKUP(B17,$G$2:$I$59,2,0) -> 4 | E17: =VLOOKUP(B17,$G$2:$I$59,3,0) | G17: Kings | H17: 3
A18: 94579 | B18: Alameda | C18: 3 | D18: =VLOOKUP(B18,$G$2:$I$59,2,0) -> 4 | E18: =VLOOKUP(B18,$G$2:$I$59,3,0) | G18: Lake | H18: 1
A19: 94580 | B19: Alameda | C19: 3 | D19: =VLOOKUP(B19,$G$2:$I$59,2,0) -> 4 | E19: =VLOOKUP(B19,$G$2:$I$59,3,0) | G19: Lassen | H19: 1
A20: 94583 | B20: Alameda | C20: 3 | D20: =VLOOKUP(B20,$G$2:$I$59,2,0) -> 4 | E20: =VLOOKUP(B20,$G$2:$I$59,3,0) | G20: Los Angeles
A21: 94586 | B21: Alameda | C21: 3 | D21: =VLOOKUP(B21,$G$2:$I$59,2,0) -> 4 | E21: =VLOOKUP(B21,$G$2:$I$59,3,0) | G21: Madera | H21: 3 | I21: 7
A22: 94587 | B22: Alameda | C22: 3 | D22: =VLOOKUP(B22,$G$2:$I$59,2,0) -> 4 | E22: =VLOOKUP(B22,$G$2:$I$59,3,0) | G22: Marin | H22: 5
A23: 94588 | B23: Alameda | C23: 3 | D23: =VLOOKUP(B23,$G$2:$I$59,2,0) -> 4 | E23: =VLOOKUP(B23,$G$2:$I$59,3,0) | G23: Mariposa | H23: 3
A24: 94601 | B24: Alameda | C24: 3 | D24: =VLOOKUP(B24,$G$2:$I$59,2,0) -> 4 | E24: =VLOOKUP(B24,$G$2:$I$59,3,0) | G24: Mendocino | H24: 1
A25: 94602 | B25: Alameda | C25: 3 | D25: =VLOOKUP(B25,$G$2:$I$59,2,0) -> 4 | E25: =VLOOKUP(B25,$G$2:$I$59,3,0) | G25: Merced | H25: 3 | I25: 7
A26: 94603 | B26: Alameda | C26: 3 | D26: =VLOOKUP(B26,$G$2:$I$59,2,0) -> 4 | E26: =VLOOKUP(B26,$G$2:$I$59,3,0) | G26: Modoc | H26: 14
A27: 94605 | B27: Alameda | C27: 3 | D27: =VLOOKUP(B27,$G$2:$I$59,2,0) -> 4 | E27: =VLOOKUP(B27,$G$2:$I$59,3,0) | G27: Mono | H27: 12 | I27: 12
A28: 94606 | B28: Alameda | C28: 3 | D28: =VLOOKUP(B28,$G$2:$I$59,2,0) -> 4 | E28: =VLOOKUP(B28,$G$2:$I$59,3,0) | G28: Monterey | H28: 4
A29: 94607 | B29: Alameda | C29: 3 | D29: =VLOOKUP(B29,$G$2:$I$59,2,0) -> 4 | E29: =VLOOKUP(B29,$G$2:$I$59,3,0) | G29: Napa | H29: 4
A30: 94608 | B30: Alameda | C30: 3 | D30: =VLOOKUP(B30,$G$2:$I$59,2,0) -> 4 | E30: =VLOOKUP(B30,$G$2:$I$59,3,0) | G30: Nevada | H30: 1
A31: 94609 | B31: Alameda | C31: 3 | D31: =VLOOKUP(B31,$G$2:$I$59,2,0) -> 4 | E31: =VLOOKUP(B31,$G$2:$I$59,3,0) | G31: Orange
A32: 94610 | B32: Alameda | C32: 3 | D32: =VLOOKUP(B32,$G$2:$I$59,2,0) -> 4 | E32: =VLOOKUP(B32,$G$2:$I$59,3,0) | G32: Placer | H32: 2
A33: 94611 | B33: Alameda | C33: 3 | D33: =VLOOKUP(B33,$G$2:$I$59,2,0) -> 4 | E33: =VLOOKUP(B33,$G$2:$I$59,3,0) | G33: Plumas | H33: 1
A34: 94612 | B34: Alameda | C34: 3 | D34: =VLOOKUP(B34,$G$2:$I$59,2,0) -> 4 | E34: =VLOOKUP(B34,$G$2:$I$59,3,0) | G34: Riverside
A35: 94613 | B35: Alameda | C35: 3 | D35: =VLOOKUP(B35,$G$2:$I$59,2,0) -> 4 | E35: =VLOOKUP(B35,$G$2:$I$59,3,0) | G35: Sacramento | H35: 6
A36: 94618 | B36: Alameda | C36: 3 | D36: =VLOOKUP(B36,$G$2:$I$59,2,0) -> 4 | E36: =VLOOKUP(B36,$G$2:$I$59,3,0) | G36: San Mateo | H36: 5
A37: 94619 | B37: Alameda | C37: 3 | D37: =VLOOKUP(B37,$G$2:$I$59,2,0) -> 4 | E37: =VLOOKUP(B37,$G$2:$I$59,3,0) | G37: San Luis Obispo | H37: 4
A38: 94621 | B38: Alameda | C38: 3 | D38: =VLOOKUP(B38,$G$2:$I$59,2,0) -> 4 | E38: =VLOOKUP(B38,$G$2:$I$59,3,0) | G38: San Diego
A39: 94702 | B39: Alameda | C39: 3 | D39: =VLOOKUP(B39,$G$2:$I$59,2,0) -> 4 | E39: =VLOOKUP(B39,$G$2:$I$59,3,0) | G39: San Bernardino
A40: 94703 | B40: Alameda | C40: 3 | D40: =VLOOKUP(B40,$G$2:$I$59,2,0) -> 4 | E40: =VLOOKUP(B40,$G$2:$I$59,3,0) | G40: San Benito | H40: 4
A41: 94704 | B41: Alameda | C41: 3 | D41: =VLOOKUP(B41,$G$2:$I$59,2,0) -> 4 | E41: =VLOOKUP(B41,$G$2:$I$59,3,0) | G41: San Joaquin | H41: 2
A42: 94705 | B42: Alameda | C42: 3 | D42: =VLOOKUP(B42,$G$2:$I$59,2,0) -> 4 | E42: =VLOOKUP(B42,$G$2:$I$59,3,0) | G42: San Francicso | H42: 5
A43: 94706 | B43: Alameda | C43: 3 | D43: =VLOOKUP(B43,$G$2:$I$59,2,0) -> 4 | E43: =VLOOKUP(B43,$G$2:$I$59,3,0) | G43: Santa Barbara | H43: 4
A44: 94707 | B44: Alameda | C44: 3 | D44: =VLOOKUP(B44,$G$2:$I$59,2,0) -> 4 | E44: =VLOOKUP(B44,$G$2:$I$59,3,0) | G44: Santa Clara | H44: 4
A45: 94708 | B45: Alameda | C45: 3 | D45: =VLOOKUP(B45,$G$2:$I$59,2,0) -> 4 | E45: =VLOOKUP(B45,$G$2:$I$59,3,0) | G45: Santa Cruz | H45: 4
A46: 94709 | B46: Alameda | C46: 3 | D46: =VLOOKUP(B46,$G$2:$I$59,2,0) -> 4 | E46: =VLOOKUP(B46,$G$2:$I$59,3,0) | G46: Shasta | H46: 3
A47: 94710 | B47: Alameda | C47: 3 | D47: =VLOOKUP(B47,$G$2:$I$59,2,0) -> 4 | E47: =VLOOKUP(B47,$G$2:$I$59,3,0) | G47: Sierra | H47: 1
A48: 94720 | B48: Alameda | C48: 3 | D48: =VLOOKUP(B48,$G$2:$I$59,2,0) -> 4 | E48: =VLOOKUP(B48,$G$2:$I$59,3,0) | G48: Siskiyou | H48: 14
A49: 95035 | B49: Alameda | C49: 3 | D49: =VLOOKUP(B49,$G$2:$I$59,2,0) -> 4 | E49: =VLOOKUP(B49,$G$2:$I$59,3,0) | G49: Solano | H49: 4
A50: 94550 | B50: Alameda | C50: 4 | D50: =VLOOKUP(B50,$G$2:$I$59,2,0) -> 4 | E50: =VLOOKUP(B50,$G$2:$I$59,3,0) | G50: Sonoma | H50: 4
A51: 94586 | B51: Alameda | C51: 4 | D51: =VLOOKUP(B51,$G$2:$I$59,2,0) -> 4 | E51: =VLOOKUP(B51,$G$2:$I$59,3,0) | G51: Stanislaus | H51: 3
... A54: 95035 | B54: Alameda | C54: 4 | D54: =VLOOKUP(B54,$G$2:$I$59,2,0) -> 4 | E54: =VLOOKUP(B54,$G$2:$I$59,3,0) | G54: Trinity | H54: 1
A55: 94514 | B55: Alameda | C55: 12 | D55: =VLOOKUP(B55,$G$2:$I$59,2,0) -> 4 | E55: =VLOOKUP(B55,$G$2:$I$59,3,0) | G55: Tulare
A56: 94539 | B56: Alameda | C56: 12 | D56: =VLOOKUP(B56,$G$2:$I$59,2,0) -> 4 | E56: =VLOOKUP(B56,$G$2:$I$59,3,0) | G56: Tuolumne | H56: 1 | I56: 12
A57: 94546 | B57: Alameda | C57: 12 | D57: =VLOOKUP(B57,$G$2:$I$59,2,0) -> 4 | E57: =VLOOKUP(B57,$G$2:$I$59,3,0) | G57: Ventura
A58: 94550 | B58: Alameda | C58: 12 | D58: =VLOOKUP(B58,$G$2:$I$59,2,0) -> 4 | E58: =VLOOKUP(B58,$G$2:$I$59,3,0) | G58: Yolo | H58: 2
A59: 94551 | B59: Alameda | C59: 12 | D59: =VLOOKUP(B59,$G$2:$I$59,2,0) -> 4 | E59: =VLOOKUP(B59,$G$2:$I$59,3,0) | G59: Yuba | H59: 3
A60: 94552 | B60: Alameda | C60: 12 | D60: =VLOOKUP(B60,$G$2:$I$59,2,0) -> 4 | E60: =VLOOKUP(B60,$G$2:$I$59,3,0)
A61: 94566 | B61: Alameda | C61: 12 | D61: =VLOOKUP(B61,$G$2:$I$59,2,0) -> 4 | E61: =VLOOKUP(B61,$G$2:$I$59,3,0)
A62: 94568 | B62: Alameda | C62: 12 | D62: =VLOOKUP(B62,$G$2:$I$59,2,0) -> 4 | E62: =VLOOKUP(B62,$G$2:$I$59,3,0)
A63: 94583 | B63: Alameda | C63: 12 | D63: =VLOOKUP(B63,$G$2:$I$59,2,0) -> 4 | E63: =VLOOKUP(B63,$G$2:$I$59,3,0)
A64: 94586 | B64: Alameda | C64: 12 | D64: =VLOOKUP(B64,$G$2:$I$59,2,0) -> 4 | E64: =VLOOKUP(B64,$G$2:$I$59,3,0)
A65: 94588 | B65: Alameda | C65: 12 | D65: =VLOOKUP(B65,$G$2:$I$59,2,0) -> 4 | E65: =VLOOKUP(B65,$G$2:$I$59,3,0)
A66: 94611 | B66: Alameda | C66: 12 | D66: =VLOOKUP(B66,$G$2:$I$59,2,0) -> 4 | E66: =VLOOKUP(B66,$G$2:$I$59,3,0)
A67: 94704 | B67: Alameda | C67: 12 | D67: =VLOOKUP(B67,$G$2:$I$59,2,0) -> 4 | E67: =VLOOKUP(B67,$G$2:$I$59,3,0)
A68: 94705 | B68: Alameda | C68: 12 | D68: =VLOOKUP(B68,$G$2:$I$59,2,0) -> 4 | E68: =VLOOKUP(B68,$G$2:$I$59,3,0)
A69: 94708 | B69: Alameda | C69: 12 | D69: =VLOOKUP(B69,$G$2:$I$59,2,0) -> 4 | E69: =VLOOKUP(B69,$G$2:$I$59,3,0)
A70: 95377 | B70: Alameda | C70: 12 | D70: =VLOOKUP(B70,$G$2:$I$59,2,0) -> 4 | E70: =VLOOKUP(B70,$G$2:$I$59,3,0)
A71: 95391 | B71: Alameda | C71: 12 | D71: =VLOOKUP(B71,$G$2:$I$59,2,0) -> 4 | E71: =VLOOKUP(B71,$G$2:$I$59,3,0)
... A2558: 95981 | B2558: Yuba | C2558: 16 | D2558: =VLOOKUP(B2558,$G$2:$I$59,2,0) -> 3 | E2558: =VLOOKUP(B2558,$G$2:$I$59,3,0)

Sheet LoadShed Database
B1: CZ03 - San Francisco | L1: CZ04 - San Jose | V1: CZ12 - Stockon | AF1: CZ13 - Fresno
B2: SmallOffice | C2: CZ03 | E2: OAT<=75°F | G2: 75°F<=OAT<95°F | I2: OAT>=95°F | L2: SmallOffice | M2: CZ04 | O2: OAT<=75°F | Q2: 75°F<=OAT<95°F | S2: OAT>=95°F | V2: SmallOffice | W2: CZ12 | Y2: OAT<=75°F | AA2: 75°F<=OAT<95°F | AC2: OAT>=95°F | AF2: Small Office | AG2: CZ13 | AI2: OAT<=75°F | AK2: 75°F<=OAT<95°F | AM2: OAT>=95°F
A3: Case ID | B3: Precool (°F) | C3: Temp Reset (°F) | D3: DR Event Hour (2PM to 6PM) | E3: Equation_Slope | F3: Equation_Intercept | G3: Equation_Slope | H3: Equation_Intercept | I3: Equation_Slope | J3: Equation_Intercept | K3: Case ID | L3: Precool (°F) | M3: Temp Reset (°F) | N3: DR Event Hour (2PM to 6PM) | O3: Equation_Slope | P3: Equation_Intercept | Q3: Equation_Slope | R3: Equation_Intercept | S3: Equation_Slope | T3: Equation_Intercept | U3: Case ID | V3: Precool (°F) | W3: Temp Reset (°F) | X3: DR Event Hour (2PM to 6PM) | Y3: Equation_Slope | Z3: Equation_Intercept | AA3: Equation_Slope | AB3: Equation_Intercept | AC3: Equation_Slope | AD3: Equation_Intercept | AE3: Case ID | AF3: Precool (°F) | AG3: Temp Reset (°F) | AH3: DR Event Hour (2PM to 6PM) | AI3: Equation_Slope | AJ3: Equation_Intercept | AK3: Equation_Slope | AL3: Equation_Intercept | AM3: Equation_Slope | AN3: Equation_Intercept
A4: =$C$2&$B$2& B4& C4&D4 -> CZ03SmallOffice021 | B4: 0 | C4: 2 | D4: 1 | E4: 0.11934748 | F4: -0.5165524 | G4: -0.0043905657 | H4: 8.73547 | I4: 0 | J4: 0 | K4: =$M$2&$L$2&L4&M4&N4 -> CZ04SmallOffice021 | L4: 0 | M4: 2 | N4: 1 | O4: 0.018159533 | P4: 6.8333534 | Q4: 0.032893833 | R4: 6.2478014 | S4: 0.032893833 | T4: 6.2478014 | U4: =$W$2&$L$2&V4&W4&X4 -> CZ12SmallOffice021 | V4: 0 | W4: 2 | X4: 1 | Y4: 0.091915244 | Z4: 0.97802762 | AA4: 0.07449464 | AB4: 2.0237325 | AC4: 0.026223715 | AD4: 6.3684602 | AE4: =$AG$2&$L$2&AF4&AG4&AH4 -> CZ13SmallOffice021 | AF4: 0 | AG4: 2 | AH4: 1 | AI4: 0.064126974 | AJ4: 2.6402539 | AK4: 0.064126974 | AL4: 2.6402539 | AM4: 0.076893427 | AN4: 1.3836241
A5: =$C$2&$B$2& B5& C5&D5 -> CZ03SmallOffice022 | B5: 0 | C5: 2 | D5: 2 | E5: 0.064873559 | F5: 1.1616393 | G5: 0.018015808 | H5: 4.5682335 | I5: 0 | J5: 0 | K5: =$M$2&$L$2&L5&M5&N5 -> CZ04SmallOffice022 | L5: 0 | M5: 2 | N5: 2 | O5: 0.10101326 | P5: -1.5005928 | Q5: 0.030285649 | R5: 3.7808745 | S5: 0.030285649 | T5: 3.7808745 | U5: =$W$2&$L$2&V5&W5&X5 -> CZ12SmallOffice022 | V5: 0 | W5: 2 | X5: 2 | Y5: 0.038374132 | Z5: 2.6685324 | AA5: 0.045517304 | AB5: 2.1985083 | AC5: 0.014512199 | AD5: 5.0227377 | AE5: =$AG$2&$L$2&AF5&AG5&AH5 -> CZ13SmallOffice022 | AF5: 0 | AG5: 2 | AH5: 2 | AI5: 0.039764233 | AJ5: 2.4714846 | AK5: 0.039764233 | AL5: 2.4714846 | AM5: 0.041364465 | AN5: 2.3523474
A6: =$C$2&$B$2& B6& C6&D6 -> CZ03SmallOffice023 | B6: 0 | C6: 2 | D6: 3 | E6: 0.041729363 | F6: 2.1607949 | G6: 0.018491908 | H6: 3.8680391 | I6: 0 | J6: 0 | K6: =$M$2&$L$2&L6&M6&N6 -> CZ04SmallOffice023 | L6: 0 | M6: 2 | N6: 3 | O6: 0.057670807 | P6: 0.98565174 | Q6: 0.026991041 | R6: 3.3141122 | S6: 0.026991041 | T6: 3.3141122 | U6: =$W$2&$L$2&V6&W6&X6 -> CZ12SmallOffice023 | V6: 0 | W6: 2 | X6: 3 | Y6: 0.036224398 | Z6: 2.2786943 | AA6: 0.036130757 | AB6: 2.3253615 | AC6: 0.039172219 | AD6: 1.8929891 | AE6: =$AG$2&$L$2&AF6&AG6&AH6 -> CZ13SmallOffice023 | AF6: 0 | AG6: 2 | AH6: 3 | AI6: 0.03459388 | AJ6: 2.2627917 | AK6: 0.03459388 | AL6: 2.2627917 | AM6: 0.017509095 | AN6: 3.9705841
A7: =$C$2&$B$2& B7& C7&D7 -> CZ03SmallOffice024 | B7: 0 | C7: 2 | D7: 4 | E7: 0.025757987 | F7: 4.9652898 | G7: -0.12255547 | H7: 16.429264 | I7: 0 | J7: 0 | K7: =$M$2&$L$2&L7&M7&N7 -> CZ04SmallOffice024 | L7: 0 | M7: 2 | N7: 4 | O7: 0.064147647 | P7: 2.2545257 | Q7: 0.014210189 | R7: 5.9359493 | S7: 0.014210189 | T7: 5.9359493 | U7: =$W$2&$L$2&V7&W7&X7 -> CZ12SmallOffice024 | V7: 0 | W7: 2 | X7: 4 | Y7: 0.020003454 | Z7: 4.8119701 | AA7: 0.026537561 | AB7: 4.5592879 | AC7: 0.0053596634 | AD7: 6.6453692 | AE7: =$AG$2&$L$2&AF7&AG7&AH7 -> CZ13SmallOffice024 | AF7: 0 | AG7: 2 | AH7: 4 | AI7: 0.038018296 | AJ7: 3.2708006 | AK7: 0.038018296 | AL7: 3.2708006 | AM7: -0.010555141 | AN7: 7.9123671
A8: =$C$2&$B$2& B8& C8&D8 -> CZ03SmallOffice041 | B8: 0 | C8: 4 | D8: 1 | E8: 0.34460659 | F8: -9.9756017 | G8: 0.061263741 | H8: 11.012389 | I8: 0 | J8: 0 | K8: =$M$2&$L$2&L8&M8&N8 -> CZ04SmallOffice041 | L8: 0 | M8: 4 | N8: 1 | O8: 0.12838803 | P8: 5.7041961 | Q8: 0.1032941 | R8: 8.4258151 | S8: 0.1032941 | T8: 8.4258151 | U8: =$W$2&$L$2&V8&W8&X8 -> CZ12SmallOffice041 | V8: 0 | W8: 4 | X8: 1 | Y8: 0.27112678 | Z8: -5.6505863 | AA8: 0.16630183 | AB8: 1.7096581 | AC8: 0.04940112 | AD8: 12.493944 | AE8: =$AG$2&$L$2&AF8&AG8&AH8 -> CZ13SmallOffice041 | AF8: 0 | AG8: 4 | AH8: 1 | AI8: 0.15302267 | AJ8: 2.5115127 | AK8: 0.15302267 | AL8: 2.5115127 | AM8: 0.17731816 | AN8: 0.12915325
A9: =$C$2&$B$2& B9& C9&D9 -> CZ03SmallOffice042 | B9: 0 | C9: 4 | D9: 2 | E9: 0.082875386 | F9: 5.4921118 | G9: 0.049786357 | H9: 7.9171084 | I9: 0 | J9: 0 | K9: =$M$2&$L$2&L9&M9&N9 -> CZ04SmallOffice042 | L9: 0 | M9: 4 | N9: 2 | O9: 0.19029051 | P9: -2.1840476 | Q9: 0.053156723 | R9: 8.094737 | S9: 0.053156723 | T9: 8.094737 | U9: =$W$2&$L$2&V9&W9&X9 -> CZ12SmallOffice042 | V9: 0 | W9: 4 | X9: 2 | Y9: 0.087924405 | Z9: 4.3169803 | AA9: 0.089937143 | AB9: 4.3086044 | AC9: 0.027595859 | AD9: 10.039674 | AE9: =$AG$2&$L$2&AF9&AG9&AH9 -> CZ13SmallOffice042 | AF9: 0 | AG9: 4 | AH9: 2 | AI9: 0.086176333 | AJ9: 4.2349422 | AK9: 0.086176333 | AL9: 4.2349422 | AM9: 0.089528779 | AN9: 4.0092538
A10: =$C$2&$B$2& B10& C10&D10 -> CZ03SmallOffice043 | B10: 0 | C10: 4 | D10: 3 | E10: 0.066461402 | F10: 5.5214308 | G10: 0.041054199 | H10: 7.4116504 | I10: 0 | J10: 0 | K10: =$M$2&$L$2&L10&M10&N10 -> CZ04SmallOffice043 | L10: 0 | M10: 4 | N10: 3 | O10: 0.12112526 | P10: 1.6990469 | Q10: 0.048537908 | R10: 7.1777465 | S10: 0.048537908 | T10: 7.1777465 | U10: =$W$2&$L$2&V10&W10&X10 -> CZ12SmallOffice043 | V10: 0 | W10: 4 | X10: 3 | Y10: 0.084171063 | Z10: 3.6995697 | AA10: 0.074325066 | AB10: 4.4925494 | AC10: 0.073189937 | AD10: 4.3373308 | AE10: =$AG$2&$L$2&AF10&AG10&AH10 -> CZ13SmallOffice043 | AF10: 0 | AG10: 4 | AH10: 3 | AI10: 0.077331152 | AJ10: 3.8682669 | AK10: 0.077331152 | AL10: 3.8682669 | AM10: 0.046330145 | AN10: 6.9667587
A11: =$C$2&$B$2& B11& C11&D11 -> CZ03SmallOffice044 | B11: 0 | C11: 4 | D11: 4 | E11: 0.24054884 | F11: -2.9326162 | G11: -0.27654856 | H11: 35.546686 | I11: 0 | J11: 0 | K11: =$M$2&$L$2&L11&M11&N11 -> CZ04SmallOffice044 | L11: 0 | M11: 4 | N11: 4 | O11: 0.12513181 | P11: 5.0181269 | Q11: 0.015623229 | R11: 13.058871 | S11: 0.015623229 | T11: 13.058871 | U11: =$W$2&$L$2&V11&W11&X11 -> CZ12SmallOffice044 | V11: 0 | W11: 4 | X11: 4 | Y11: 0.12068651 | Z11: 3.9575454 | AA11: 0.052543816 | AB11: 9.2163348 | AC11: 0.011331887 | AD11: 13.234989 | AE11: =$AG$2&$L$2&AF11&AG11&AH11 -> CZ13SmallOffice044 | AF11: 0 | AG11: 4 | AH11: 4 | AI11: 0.083337299 | AJ11: 6.0020457 | AK11: 0.083337299 | AL11: 6.0020457 | AM11: -0.015521089 | AN11: 15.420585
A12: =$C$2&$B$2& B12& C12&D12 -> CZ03SmallOffice061 | B12: 0 | C12: 6 | D12: 1 | E12: 0.67933522 | F12: -30.669718 | G12: 0.21322914 | H12: 4.2163029 | I12: 0 | J12: 0 | K12: =$M$2&$L$2&L12&M12&N12 -> CZ04SmallOffice061 | L12: 0 | M12: 6 | N12: 1 | O12: 0.375997 | P12: -8.3633438 | Q12: 0.23450759 | R12: 3.8686197 | S12: 0.23450759 | T12: 3.8686197 | U12: =$W$2&$L$2&V12&W12&X12 -> CZ12SmallOffice061 | V12: 0 | W12: 6 | X12: 1 | Y12: 0.58973506 | Z12: -24.687417 | AA12: 0.27354871 | AB12: -1.7758182 | AC12: 0.055414896 | AD12: 18.2759 | AE12: =$AG$2&$L$2&AF12&AG12&AH12 -> CZ13SmallOffice061 | AF12: 0 | AG12: 6 | AH12: 1 | AI12: 0.22152527 | AJ12: 2.2721271 | AK12: 0.22152527 | AL12: 2.2721271 | AM12: 0.22373856 | AN12: 1.9519456
A13: =$C$2&$B$2& B13& C13&D13 -> CZ03SmallOffice062 | B13: 0 | C13: 6 | D13: 2 | E13: 0.51329718 | F13: -19.134264 | G13: 0.064894852 | H13: 12.875096 | I13: 0 | J13: 0 | K13: =$M$2&$L$2&L13&M13&N13 -> CZ04SmallOffice062 | L13: 0 | M13: 6 | N13: 2 | O13: 0.11299136 | P13: 9.3918675 | Q13: 0.022844142 | R13: 16.502494 | S13: 0.022844142 | T13: 16.502494 | U13: =$W$2&$L$2&V13&W13&X13 -> CZ12SmallOffice062 | V13: 0 | W13: 6 | X13: 2 | Y13: 0.2705407 | Z13: -3.8349634 | AA13: 0.077890022 | AB13: 10.68336 | AC13: 0.026186546 | AD13: 15.483433 | AE13: =$AG$2&$L$2&AF13&AG13&AH13 -> CZ13SmallOffice062 | AF13: 0 | AG13: 6 | AH13: 2 | AI13: 0.092384863 | AJ13: 8.7958161 | AK13: 0.092384863 | AL13: 8.7958161 | AM13: 0.12872851 | AN13: 5.5307031
A14: =$C$2&$B$2& B14& C14&D14 -> CZ03SmallOffice063 | B14: 0 | C14: 6 | D14: 3 | E14: 0.25733617 | F14: -2.7206319 | G14: 0.058595631 | H14: 11.188494 | I14: 0 | J14: 0 | K14: =$M$2&$L$2&L14&M14&N14 -> CZ04SmallOffice063 | L14: 0 | M14: 6 | N14: 3 | O14: 0.06315795 | P14: 10.93599 | Q14: 0.048487673 | R14: 12.191112 | S14: 0.048487673 | T14: 12.191112 | U14: =$W$2&$L$2&V14&W14&X14 -> CZ12SmallOffice063 | V14: 0 | W14: 6 | X14: 3 | Y14: 0.15723229 | Z14: 2.927868 | AA14: 0.084910905 | AB14: 8.2986076 | AC14: 0.075152699 | AD14: 9.0453374 | AE14: =$AG$2&$L$2&AF14&AG14&AH14 -> CZ13SmallOffice063 | AF14: 0 | AG14: 6 | AH14: 3 | AI14: 0.10613143 | AJ14: 5.9595296 | AK14: 0.10613143 | AL14: 5.9595296 | AM14: 0.070195079 | AN14: 9.6053759
A15: =$C$2&$B$2& B15& C15&D15 -> CZ03SmallOffice064 | B15: 0 | C15: 6 | D15: 4 | E15: 0.6861699 | F15: -29.342272 | G15: -0.46796524 | H15: 57.412398 | I15: 0 | J15: 0 | K15: =$M$2&$L$2&L15&M15&N15 -> CZ04SmallOffice064 | L15: 0 | M15: 6 | N15: 4 | O15: 0.48187845 | P15: -14.410061 | Q15: -0.019492671 | R15: 22.464689 | S15: -0.019492671 | T15: 22.464689 | U15: =$W$2&$L$2&V15&W15&X15 -> CZ12SmallOffice064 | V15: 0 | W15: 6 | X15: 4 | Y15: 0.45296149 | Z15: -14.541362 | AA15: 0.055376079 | AB15: 14.94509 | AC15: -0.00033263266 | AD15: 20.448973 | AE15: =$AG$2&$L$2&AF15&AG15&AH15 -> CZ13SmallOffice064 | AF15: 0 | AG15: 6 | AH15: 4 | AI15: 0.11325111 | AJ15: 9.2140795 | AK15: 0.11325111 | AL15: 9.2140795 | AM15: -0.019799441 | AN15: 21.95062
... A27: =$C$2&$B$2& B27& C27&D27 -> CZ03SmallOffice-264 | B27: -2 | C27: 6 | D27: 4 | E27: 0.72180145 | F27: -31.464615 | G27: -0.38822416 | H27: 52.179625 | I27: 0 | J27: 0 | K27: =$M$2&$L$2&L27&M27&N27 -> CZ04SmallOffice-264 | L27: -2 | M27: 6 | N27: 4 | O27: 0.64226164 | P27: -24.996234 | Q27: -0.021395218 | R27: 23.960179 | S27: -0.021395218 | T27: 23.960179 | U27: =$W$2&$L$2&V27&W27&X27 -> CZ12SmallOffice-264 | V27: -2 | W27: 6 | X27: 4 | Y27: 0.50499642 | Z27: -17.614029 | AA27: 0.049344473 | AB27: 16.569826 | AC27: 0.00062394253 | AD27: 21.433506 | AE27: =$AG$2&$L$2&AF27&AG27&AH27 -> CZ13SmallOffice-264 | AF27: -2 | AG27: 6 | AH27: 4 | AI27: 0.11005402 | AJ27: 10.580368 | AK27: 0.11005402 | AL27: 10.580368 | AM27: -0.017133633 | AN27: 22.793184
B28: MediumOffice | E28: OAT<=75°F | G28: 75°F<=OAT<95°F | I28: OAT>=95°F | L28: MediumOffice | O28: OAT<=75°F | Q28: 75°F<=OAT<95°F | S28: OAT>=95°F | V28: MediumOffice | Y28: OAT<=75°F | AA28: 75°F<=OAT<95°F | AC28: OAT>=95°F | AF28: MediumOffice | AI28: OAT<=75°F | AK28: 75°F<=OAT<95°F | AM28: OAT>=95°F
A29: Case ID | B29: Precool (°F) | C29: Temp Reset (°F) | D29: DR Event Hour | E29: Equation_Slope | F29: Equation_Intercept | G29: Equation_Slope | H29: Equation_Intercept | I29: Equation_Slope | J29: Equation_Intercept | K29: Case ID | L29: Precool (°F) | M29: Temp Reset (°F) | N29: DR Event Hour | O29: Equation_Slope | P29: Equation_Intercept | Q29: Equation_Slope | R29: Equation_Intercept | S29: Equation_Slope | T29: Equation_Intercept | U29: Case ID | V29: Precool (°F) | W29: Temp Reset (°F) | X29: DR Event Hour | Y29: Equation_Slope | Z29: Equation_Intercept | AA29: Equation_Slope | AB29: Equation_Intercept | AC29: Equation_Slope | AD29: Equation_Intercept | AE29: Case ID | AF29: Precool (°F) | AG29: Temp Reset (°F) | AH29: DR Event Hour | AI29: Equation_Slope | AJ29: Equation_Intercept | AK29: Equation_Slope | AL29: Equation_Intercept | AM29: Equation_Slope | AN29: Equation_Intercept
A30: =$C$2&$B$28& B30& C30&D30 -> CZ03MediumOffice021 | B30: 0 | C30: 2 | D30: 1 | E30: 0.55108835 | F30: -32.225059 | G30: 0.051330977 | H30: 5.0329029 | I30: 0 | J30: 0 | K30: =$M$2&$L$28&L30&M30&N30 -> CZ04MediumOffice021 | L30: 0 | M30: 2 | N30: 1 | O30: 0.20708522 | P30: -7.0308184 | Q30: 0.025276495 | R30: 7.2413395 | S30: 0.025276495 | T30: 7.2413395 | U30: =$W$2&$L$28&V30&W30&X30 -> CZ12MediumOffice021 | V30: 0 | W30: 2 | X30: 1 | Y30: 0.38867886 | Z30: -22.307713 | AA30: 0.29739646 | AB30: -15.379767 | AC30: 0.20224839 | AD30: -6.7538386 | AE30: =$AG$2&$L$28&AF30&AG30&AH30 -> CZ13MediumOffice021 | AF30: 0 | AG30: 2 | AH30: 1 | AI30: 0.25046349 | AJ30: -10.785368 | AK30: 0.25046349 | AL30: -10.785368 | AM30: 0.20652778 | AN30: -6.723267
A31: =$C$2&$B$28& B31& C31&D31 -> CZ03MediumOffice022 | B31: 0 | C31: 2 | D31: 2 | E31: 0.56864109 | F31: -32.799629 | G31: -0.053433167 | H31: 12.615585 | I31: 0 | J31: 0 | K31: =$M$2&$L$28&L31&M31&N31 -> CZ04MediumOffice022 | L31: 0 | M31: 2 | N31: 2 | O31: 0.7113636 | P31: -43.072326 | Q31: -0.032709642 | R31: 10.892722 | S31: -0.032709642 | T31: 10.892722 | U31: =$W$2&$L$28&V31&W31&X31 -> CZ12MediumOffice022 | V31: 0 | W31: 2 | X31: 2 | Y31: 0.42932638 | Z31: -24.759792 | AA31: 0.1371424 | AB31: -2.916495 | AC31: 0.091901686 | AD31: 1.4459591 | AE31: =$AG$2&$L$28&AF31&AG31&AH31 -> CZ13MediumOffice022 | AF31: 0 | AG31: 2 | AH31: 2 | AI31: 0.14247243 | AJ31: -3.3494584 | AK31: 0.14247243 | AL31: -3.3494584 | AM31: 0.11938774 | AN31: -1.0970131
A32: =$C$2&$B$28& B32& C32&D32 -> CZ03MediumOffice023 | B32: 0 | C32: 2 | D32: 3 | E32: 0.45580462 | F32: -25.084865 | G32: -0.076112058 | H32: 13.712518 | I32: 0 | J32: 0 | K32: =$M$2&$L$28&L32&M32&N32 -> CZ04MediumOffice023 | L32: 0 | M32: 2 | N32: 3 | O32: 0.57896217 | P32: -33.602899 | Q32: -0.051961863 | R32: 11.652418 | S32: -0.051961863 | T32: 11.652418 | U32: =$W$2&$L$28&V32&W32&X32 -> CZ12MediumOffice023 | V32: 0 | W32: 2 | X32: 3 | Y32: 0.31323754 | Z32: -16.818838 | AA32: 0.1015069 | AB32: -0.50795914 | AC32: 0.1430543 | AD32: -4.5815228 | AE32: =$AG$2&$L$28&AF32&AG32&AH32 -> CZ13MediumOffice023 | AF32: 0 | AG32: 2 | AH32: 3 | AI32: 0.11990813 | AJ32: -2.1729546 | AK32: 0.11990813 | AL32: -2.1729546 | AM32: 0.12719373 | AN32: -2.8661127
A33: =$C$2&$B$28& B33& C33&D33 -> CZ03MediumOffice024 | B33: 0 | C33: 2 | D33: 4 | E33: 0.35536678 | F33: -19.135746 | G33: -0.043094843 | H33: 9.5405423 | I33: 0 | J33: 0 | K33: =$M$2&$L$28&L33&M33&N33 -> CZ04MediumOffice024 | L33: 0 | M33: 2 | N33: 4 | O33: 0.50685554 | P33: -29.11499 | Q33: -0.11756389 | R33: 15.951773 | S33: -0.11756389 | T33: 15.951773 | U33: =$W$2&$L$28&V33&W33&X33 -> CZ12MediumOffice024 | V33: 0 | W33: 2 | X33: 4 | Y33: 0.28968983 | Z33: -15.770311 | AA33: 0.091573344 | AB33: -0.1500415 | AC33: 0.06735366 | AD33: 2.4086618 | AE33: =$AG$2&$L$28&AF33&AG33&AH33 -> CZ13MediumOffice024 | AF33: 0 | AG33: 2 | AH33: 4 | AI33: 0.13951383 | AJ33: -4.4645561 | AK33: 0.13951383 | AL33: -4.4645561 | AM33: 0.10488733 | AN33: -1.1327541
A34: =$C$2&$B$28& B34& C34&D34 -> CZ03MediumOffice041 | B34: 0 | C34: 4 | D34: 1 | E34: 0.61373599 | F34: -36.197278 | G34: 0.1920332 | H34: -4.7190127 | I34: 0 | J34: 0 | K34: =$M$2&$L$28&L34&M34&N34 -> CZ04MediumOffice041 | L34: 0 | M34: 4 | N34: 1 | O34: 0.25882792 | P34: -10.101742 | Q34: 0.10749663 | R34: 2.1587403 | S34: 0.10749663 | T34: 2.1587403 | U34: =$W$2&$L$28&V34&W34&X34 -> CZ12MediumOffice041 | V34: 0 | W34: 4 | X34: 1 | Y34: 0.39939685 | Z34: -22.894806 | AA34: 0.47416302 | AB34: -28.271441 | AC34: 0.4434673 | AD34: -25.3658 | AE34: =$AG$2&$L$28&AF34&AG34&AH34 -> CZ13MediumOffice041 | AF34: 0 | AG34: 4 | AH34: 1 | AI34: 0.45652261 | AJ34: -25.721323 | AK34: 0.45652261 | AL34: -25.721323 | AM34: 0.46853906 | AN34: -26.985119
A35: =$C$2&$B$28& B35& C35&D35 -> CZ03MediumOffice042 | B35: 0 | C35: 4 | D35: 2 | E35: 0.76034316 | F35: -44.6752 | G35: 0.021673981 | H35: 9.8639142 | I35: 0 | J35: 0 | K35: =$M$2&$L$28&L35&M35&N35 -> CZ04MediumOffice042 | L35: 0 | M35: 4 | N35: 2 | O35: 1.3156184 | P35: -84.640645 | Q35: 0.051614317 | R35: 7.6134709 | S35: 0.051614317 | T35: 7.6134709 | U35: =$W$2&$L$28&V35&W35&X35 -> CZ12MediumOffice042 | V35: 0 | W35: 4 | X35: 2 | Y35: 0.50267035 | Z35: -29.205957 | AA35: 0.38330564 | AB35: -19.960211 | AC35: 0.27801749 | AD35: -10.070951 | AE35: =$AG$2&$L$28&AF35&AG35&AH35 -> CZ13MediumOffice042 | AF35: 0 | AG35: 4 | AH35: 2 | AI35: 0.36897265 | AJ35: -18.428354 | AK35: 0.36897265 | AL35: -18.428354 | AM35: 0.27828223 | AN35: -9.4090597
A36: =$C$2&$B$28& B36& C36&D36 -> CZ03MediumOffice043 | B36: 0 | C36: 4 | D36: 3 | E36: 0.66956379 | F36: -37.646279 | G36: -0.011327212 | H36: 12.447046 | I36: 0 | J36: 0 | K36: =$M$2&$L$28&L36&M36&N36 -> CZ04MediumOffice043 | L36: 0 | M36: 4 | N36: 3 | O36: 1.0708375 | P36: -65.825335 | Q36: 0.031218605 | R36: 9.2362108 | S36: 0.031218605 | T36: 9.2362108 | U36: =$W$2&$L$28&V36&W36&X36 -> CZ12MediumOffice043 | V36: 0 | W36: 4 | X36: 3 | Y36: 0.39986242 | Z36: -21.511137 | AA36: 0.31082233 | AB36: -13.316868 | AC36: 0.29108514 | AD36: -11.866973 | AE36: =$AG$2&$L$28&AF36&AG36&AH36 -> CZ13MediumOffice043 | AF36: 0 | AG36: 4 | AH36: 3 | AI36: 0.34704907 | AJ36: -16.498736 | AK36: 0.34704907 | AL36: -16.498736 | AM36: 0.24087593 | AN36: -6.4372323
A37: =$C$2&$B$28& B37& C37&D37 -> CZ03MediumOffice044 | B37: 0 | C37: 4 | D37: 4 | E37: 0.49052521 | F37: -26.398628 | G37: -0.040987151 | H37: 12.485388 | I37: 0 | J37: 0 | K37: =$M$2&$L$28&L37&M37&N37 -> CZ04MediumOffice044 | L37: 0 | M37: 4 | N37: 4 | O37: 0.74120065 | P37: -43.115203 | Q37: -0.087767561 | R37: 17.330043 | S37: -0.087767561 | T37: 17.330043 | U37: =$W$2&$L$28&V37&W37&X37 -> CZ12MediumOffice044 | V37: 0 | W37: 4 | X37: 4 | Y37: 0.37800723 | Z37: -20.347166 | AA37: 0.28875536 | AB37: -12.272981 | AC37: 0.16575545 | AD37: -0.33813021 | AE37: =$AG$2&$L$28&AF37&AG37&AH37 -> CZ13MediumOffice044 | AF37: 0 | AG37: 4 | AH37: 4 | AI37: 0.39860868 | AJ37: -22.331313 | AK37: 0.39860868 | AL37: -22.331313 | AM37: 0.18883734 | AN37: -2.2991258
A38: =$C$2&$B$28& B38& C38&D38 -> CZ03MediumOffice061 | B38: 0 | C38: 6 | D38: 1 | E38: 0.6157902 | F38: -36.334541 | G38: 0.25487813 | H38: -9.5923865 | I38: 0 | J38: 0 | K38: =$M$2&$L$28&L38&M38&N38 -> CZ04MediumOffice061 | L38: 0 | M38: 6 | N38: 1 | O38: 0.25899739 | P38: -10.094454 | Q38: 0.12676194 | R38: 0.66896136 | S38: 0.12676194 | T38: 0.66896136 | U38: =$W$2&$L$28&V38&W38&X38 -> CZ12MediumOffice061 | V38: 0 | W38: 6 | X38: 1 | Y38: 0.39939685 | Z38: -22.894806 | AA38: 0.48482648 | AB38: -29.045902 | AC38: 0.53619675 | AD38: -33.949847 | AE38: =$AG$2&$L$28&AF38&AG38&AH38 -> CZ13MediumOffice061 | AF38: 0 | AG38: 6 | AH38: 1 | AI38: 0.48083555 | AJ38: -27.641021 | AK38: 0.48083555 | AL38: -27.641021 | AM38: 0.54534085 | AN38: -33.935094
A39: =$C$2&$B$28& B39& C39&D39 -> CZ03MediumOffice062 | B39: 0 | C39: 6 | D39: 2 | E39: 0.77752081 | F39: -45.793506 | G39: 0.071123692 | H39: 6.4032211 | I39: 0 | J39: 0 | K39: =$M$2&$L$28&L39&M39&N39 -> CZ04MediumOffice062 | L39: 0 | M39: 6 | N39: 2 | O39: 1.3705672 | P39: -88.522084 | Q39: 0.098485812 | R39: 4.2270861 | S39: 0.098485812 | T39: 4.2270861 | U39: =$W$2&$L$28&V39&W39&X39 -> CZ12MediumOffice062 | V39: 0 | W39: 6 | X39: 2 | Y39: 0.50267035 | Z39: -29.205957 | AA39: 0.45119624 | AB39: -25.038448 | AC39: 0.44943041 | AD39: -24.934258 | AE39: =$AG$2&$L$28&AF39&AG39&AH39 -> CZ13MediumOffice062 | AF39: 0 | AG39: 6 | AH39: 2 | AI39: 0.43943184 | AJ39: -23.621561 | AK39: 0.43943184 | AL39: -23.621561 | AM39: 0.42558224 | AN39: -21.938513
A40: =$C$2&$B$28& B40& C40&D40 -> CZ03MediumOffice063 | B40: 0 | C40: 6 | D40: 3 | E40: 0.7304955 | F40: -41.446409 | G40: -0.0089218401 | H40: 12.939626 | I40: 0 | J40: 0 | K40: =$M$2&$L$28&L40&M40&N40 -> CZ04MediumOffice063 | L40: 0 | M40: 6 | N40: 3 | O40: 1.151002 | P40: -71.103551 | Q40: 0.061700626 | R40: 7.7164705 | S40: 0.061700626 | T40: 7.7164705 | U40: =$W$2&$L$28&V40&W40&X40 -> CZ12MediumOffice063 | V40: 0 | W40: 6 | X40: 3 | Y40: 0.40891899 | Z40: -22.090292 | AA40: 0.37680973 | AB40: -17.872958 | AC40: 0.50828086 | AD40: -30.789385 | AE40: =$AG$2&$L$28&AF40&AG40&AH40 -> CZ13MediumOffice063 | AF40: 0 | AG40: 6 | AH40: 3 | AI40: 0.42886935 | AJ40: -22.556036 | AK40: 0.42886935 | AL40: -22.556036 | AM40: 0.43764579 | AN40: -23.245045
A41: =$C$2&$B$28& B41& C41&D41 -> CZ03MediumOffice064 | B41: 0 | C41: 6 | D41: 4 | E41: 0.52547715 | F41: -28.427712 | G41: -0.11588735 | H41: 19.005336 | I41: 0 | J41: 0 | K41: =$M$2&$L$28&L41&M41&N41 -> CZ04MediumOffice064 | L41: 0 | M41: 6 | N41: 4 | O41: 0.84465314 | P41: -49.961039 | Q41: -0.076901715 | R41: 17.48784 | S41: -0.076901715 | T41: 17.48784 | U41: =$W$2&$L$28&V41&W41&X41 -> CZ12MediumOffice064 | V41: 0 | W41: 6 | X41: 4 | Y41: 0.39571544 | Z41: -21.377647 | AA41: 0.35785147 | AB41: -16.825758 | AC41: 0.28703652 | AD41: -9.4476489 | AE41: =$AG$2&$L$28&AF41&AG41&AH41 -> CZ13MediumOffice064 | AF41: 0 | AG41: 6 | AH41: 4 | AI41: 0.49844919 | AJ41: -29.809378 | AK41: 0.49844919 | AL41: -29.809378 | AM41: 0.33079073 | AN41: -13.373451
... A53: =$C$2&$B$28& B53& C53&D53 -> CZ03MediumOffice-264 | B53: -2 | C53: 6 | D53: 4 | E53: 0.52773454 | F53: -28.584155 | G53: -0.12785434 | H53: 20.161571 | I53: 0 | J53: 0 | K53: =$M$2&$L$28&L53&M53&N53 -> CZ04MediumOffice-264 | L53: -2 | M53: 6 | N53: 4 | O53: 0.84752061 | P53: -50.160237 | Q53: -0.053374977 | R53: 15.793553 | S53: -0.053374977 | T53: 15.793553 | U53: =$W$2&$L$28&V53&W53&X53 -> CZ12MediumOffice-264 | V53: -2 | W53: 6 | X53: 4 | Y53: 0.39659663 | Z53: -21.438336 | AA53: 0.37617254 | AB53: -18.143548 | AC53: 0.28722308 | AD53: -9.0664352 | AE53: =$AG$2&$L$28&AF53&AG53&AH53 -> CZ13MediumOffice-264 | AF53: -2 | AG53: 6 | AH53: 4 | AI53: 0.51500858 | AJ53: -30.997105 | AK53: 0.51500858 | AL53: -30.997105 | AM53: 0.33037498 | AN53: -12.953133
B54: LargeOffice | E54: OAT<=75°F | G54: 75°F<=OAT<95°F | I54: OAT>=95°F | L54: LargeOffice | O54: OAT<=75°F | Q54: 75°F<=OAT<95°F | S54: OAT>=95°F | V54: LargeOffice | Y54: OAT<=75°F | AA54: 75°F<=OAT<95°F | AC54: OAT>=95°F | AF54: LargeOffice | AI54: OAT<=75°F | AK54: 75°F<=OAT<95°F | AM54: OAT>=95°F
B55: Precool (°F) | C55: Temp Reset (°F) | D55: DR Event Hour | E55: Equation_Slope | F55: Equation_Intercept | G55: Equation_Slope | H55: Equation_Intercept | I55: Equation_Slope | J55: Equation_Intercept | K55: Case ID | L55: Precool (°F) | M55: Temp Reset (°F) | N55: DR Event Hour | O55: Equation_Slope | P55: Equation_Intercept | Q55: Equation_Slope | R55: Equation_Intercept | S55: Equation_Slope | T55: Equation_Intercept | U55: Case ID | V55: Precool (°F) | W55: Temp Reset (°F) | X55: DR Event Hour | Y55: Equation_Slope | Z55: Equation_Intercept | AA55: Equation_Slope | AB55: Equation_Intercept | AC55: Equation_Slope | AD55: Equation_Intercept | AE55: Case ID | AF55: Precool (°F) | AG55: Temp Reset (°F) | AH55: DR Event Hour | AI55: Equation_Slope | AJ55: Equation_Intercept | AK55: Equation_Slope | AL55: Equation_Intercept | AM55: Equation_Slope | AN55: Equation_Intercept
A56: =$C$2&$B$54& B56& C56&D56 -> CZ03LargeOffice021 | B56: 0 | C56: 2 | D56: 1 | E56: 0.23754987 | F56: -10.315453 | G56: 0.092342099 | H56: -0.13820122 | I56: 0 | J56: 0 | K56: =$M$2&$L$54&L56&M56&N56 -> CZ04LargeOffice021 | L56: 0 | M56: 2 | N56: 1 | O56: -0.013306895 | P56: 7.3451734 | Q56: 0.041225315 | R56: 3.3645981 | S56: 0.041225315 | T56: 3.3645981 | U56: =$W$2&$L$54&V56&W56&X56 -> CZ12LargeOffice021 | V56: 0 | W56: 2 | X56: 1 | Y56: 0.075491636 | Z56: 0.13188424 | AA56: 0.092617095 | AB56: -1.0563565 | AC56: -0.035035496 | AD56: 11.442837 | AE56: =$AG$2&$L$54&AF56&AG56&AH56 -> CZ13LargeOffice021 | AF56: 0 | AG56: 2 | AH56: 1 | AI56: 1.0781411 | AJ56: -73.550628 | AK56: 0.099992845 | AL56: -1.6572379 | AM56: -0.008002656 | AN56: 8.6183975
A57: =$C$2&$B$54& B57& C57&D57 -> CZ03LargeOffice022 | B57: 0 | C57: 2 | D57: 2 | E57: 0.16214379 | F57: -6.5907259 | G57: 0.068106984 | H57: 0.25936242 | I57: 0 | J57: 0 | K57: =$M$2&$L$54&L57&M57&N57 -> CZ04LargeOffice022 | L57: 0 | M57: 2 | N57: 2 | O57: 0.13090623 | P57: -4.5277654 | Q57: 0.045831241 | R57: 1.8406634 | S57: 0.045831241 | T57: 1.8406634 | U57: =$W$2&$L$54&V57&W57&X57 -> CZ12LargeOffice022 | V57: 0 | W57: 2 | X57: 2 | Y57: 0.055722485 | Z57: 0.80424499 | AA57: 0.076918422 | AB57: -0.91538941 | AC57: 0.069035947 | AD57: -0.085885252 | AE57: =$AG$2&$L$54&AF57&AG57&AH57 -> CZ13LargeOffice022 | AF57: 0 | AG57: 2 | AH57: 2 | AI57: -2.0181812 | AJ57: 155.90889 | AK57: 0.073322273 | AL57: -0.50506178 | AM57: 0.026520934 | AN57: 4.1335688
A58: =$C$2&$B$54& B58& C58&D58 -> CZ03LargeOffice023 | B58: 0 | C58: 2 | D58: 3 | E58: 0.16214379 | F58: -6.5907259 | G58: 0.068106984 | H58: 0.25936242 | I58: 0 | J58: 0 | K58: =$M$2&$L$54&L58&M58&N58 -> CZ04LargeOffice023 | L58: 0 | M58: 2 | N58: 3 | O58: 0.13090623 | P58: -4.5277654 | Q58: 0.045831241 | R58: 1.8406634 | S58: 0.045831241 | T58: 1.8406634 | U58: =$W$2&$L$54&V58&W58&X58 -> CZ12LargeOffice023 | V58: 0 | W58: 2 | X58: 3 | Y58: 0.055722485 | Z58: 0.80424499 | AA58: 0.076918422 | AB58: -0.91538941 | AC58: 0.069035947 | AD58: -0.085885252 | AE58: =$AG$2&$L$54&AF58&AG58&AH58 -> CZ13LargeOffice023 | AF58: 0 | AG58: 2 | AH58: 3 | AI58: -2.0181812 | AJ58: 155.90889 | AK58: 0.073322273 | AL58: -0.50506178 | AM58: 0.026520934 | AN58: 4.1335688
A59: =$C$2&$B$54& B59& C59&D59 -> CZ03LargeOffice024 | B59: 0 | C59: 2 | D59: 4 | E59: 0.16214379 | F59: -6.5907259 | G59: 0.068106984 | H59: 0.25936242 | I59: 0 | J59: 0 | K59: =$M$2&$L$54&L59&M59&N59 -> CZ04LargeOffice024 | L59: 0 | M59: 2 | N59: 4 | O59: 0.13090623 | P59: -4.5277654 | Q59: 0.045831241 | R59: 1.8406634 | S59: 0.045831241 | T59: 1.8406634 | U59: =$W$2&$L$54&V59&W59&X59 -> CZ12LargeOffice024 | V59: 0 | W59: 2 | X59: 4 | Y59: 0.055722485 | Z59: 0.80424499 | AA59: 0.076918422 | AB59: -0.91538941 | AC59: 0.069035947 | AD59: -0.085885252 | AE59: =$AG$2&$L$54&AF59&AG59&AH59 -> CZ13LargeOffice024 | AF59: 0 | AG59: 2 | AH59: 4 | AI59: -2.0181812 | AJ59: 155.90889 | AK59: 0.073322273 | AL59: -0.50506178 | AM59: 0.026520934 | AN59: 4.1335688
A60: =$C$2&$B$54& B60& C60&D60 -> CZ03LargeOffice041 | B60: 0 | C60: 4 | D60: 1 | E60: 0.44652638 | F60: -20.967095 | G60: 0.21497195 | H60: -4.627855 | I60: 0 | J60: 0 | K60: =$M$2&$L$54&L60&M60&N60 -> CZ04LargeOffice041 | L60: 0 | M60: 4 | N60: 1 | O60: 0.13324383 | P60: 1.1588643 | Q60: 0.094903454 | R60: 4.789282 | S60: 0.094903454 | T60: 4.789282 | U60: =$W$2&$L$54&V60&W60&X60 -> CZ12LargeOffice041 | V60: 0 | W60: 4 | X60: 1 | Y60: 0.12876935 | Z60: -0.38078716 | AA60: 0.19299796 | AB60: -3.899802 | AC60: 0.10448371 | AD60: 4.3342035 | AE60: =$AG$2&$L$54&AF60&AG60&AH60 -> CZ13LargeOffice041 | AF60: 0 | AG60: 4 | AH60: 1 | AI60: 2.1017743 | AJ60: -145.1985 | AK60: 0.15418106 | AL60: -0.28934176 | AM60: 0.13999475 | AN60: 1.1450924
A61: =$C$2&$B$54& B61& C61&D61 -> CZ03LargeOffice042 | B61: 0 | C61: 4 | D61: 2 | E61: 0.28332322 | F61: -10.958997 | G61: 0.10254717 | H61: 2.2097703 | I61: 0 | J61: 0 | K61: =$M$2&$L$54&L61&M61&N61 -> CZ04LargeOffice042 | L61: 0 | M61: 4 | N61: 2 | O61: 0.33515327 | P61: -15.085882 | Q61: 0.076301597 | R61: 4.188107 | S61: 0.076301597 | T61: 4.188107 | U61: =$W$2&$L$54&V61&W61&X61 -> CZ12LargeOffice042 | V61: 0 | W61: 4 | X61: 2 | Y61: 0.22150219 | Z61: -6.9069462 | AA61: 0.12292548 | AB61: -0.066407827 | AC61: 0.072907345 | AD61: 4.8292294 | AE61: =$AG$2&$L$54&AF61&AG61&AH61 -> CZ13LargeOffice042 | AF61: 0 | AG61: 4 | AH61: 2 | AI61: -2.626908 | AJ61: 205.34065 | AK61: 0.11228628 | AL61: 0.97602089 | AM61: 0.091150235 | AN61: 3.1932572
A62: =$C$2&$B$54& B62& C62&D62 -> CZ03LargeOffice043 | B62: 0 | C62: 4 | D62: 3 | E62: 0.28332322 | F62: -10.958997 | G62: 0.10254717 | H62: 2.2097703 | I62: 0 | J62: 0 | K62: =$M$2&$L$54&L62&M62&N62 -> CZ04LargeOffice043 | L62: 0 | M62: 4 | N62: 3 | O62: 0.33515327 | P62: -15.085882 | Q62: 0.076301597 | R62: 4.188107 | S62: 0.076301597 | T62: 4.188107 | U62: =$W$2&$L$54&V62&W62&X62 -> CZ12LargeOffice043 | V62: 0 | W62: 4 | X62: 3 | Y62: 0.22150219 | Z62: -6.9069462 | AA62: 0.12292548 | AB62: -0.066407827 | AC62: 0.072907345 | AD62: 4.8292294 | AE62: =$AG$2&$L$54&AF62&AG62&AH62 -> CZ13LargeOffice043 | AF62: 0 | AG62: 4 | AH62: 3 | AI62: -2.626908 | AJ62: 205.34065 | AK62: 0.11228628 | AL62: 0.97602089 | AM62: 0.091150235 | AN62: 3.1932572
A63: =$C$2&$B$54& B63& C63&D63 -> CZ03LargeOffice044 | B63: 0 | C63: 4 | D63: 4 | E63: 0.28332322 | F63: -10.958997 | G63: 0.10254717 | H63: 2.2097703 | I63: 0 | J63: 0 | K63: =$M$2&$L$54&L63&M63&N63 -> CZ04LargeOffice044 | L63: 0 | M63: 4 | N63: 4 | O63: 0.33515327 | P63: -15.085882 | Q63: 0.076301597 | R63: 4.188107 | S63: 0.076301597 | T63: 4.188107 | U63: =$W$2&$L$54&V63&W63&X63 -> CZ12LargeOffice044 | V63: 0 | W63: 4 | X63: 4 | Y63: 0.22150219 | Z63: -6.9069462 | AA63: 0.12292548 | AB63: -0.066407827 | AC63: 0.072907345 | AD63: 4.8292294 | AE63: =$AG$2&$L$54&AF63&AG63&AH63 -> CZ13LargeOffice044 | AF63: 0 | AG63: 4 | AH63: 4 | AI63: -2.626908 | AJ63: 205.34065 | AK63: 0.11228628 | AL63: 0.97602089 | AM63: 0.091150235 | AN63: 3.1932572
A64: =$C$2&$B$54& B64& C64&D64 -> CZ03LargeOffice061 | B64: 0 | C64: 6 | D64: 1 | E64: 0.52335554 | F64: -25.616721 | G64: 0.31547707 | H64: -11.154318 | I64: 0 | J64: 0 | K64: =$M$2&$L$54&L64&M64&N64 -> CZ04LargeOffice061 | L64: 0 | M64: 6 | N64: 1 | O64: 0.15600461 | P64: 0.37138369 | Q64: 0.15958408 | R64: 1.125432 | S64: 0.15958408 | T64: 1.125432 | U64: =$W$2&$L$54&V64&W64&X64 -> CZ12LargeOffice061 | V64: 0 | W64: 6 | X64: 1 | Y64: 0.12521415 | Z64: 0.52774615 | AA64: 0.29642982 | AB64: -10.699573 | AC64: 0.10981795 | AD64: 6.9144969 | AE64: =$AG$2&$L$54&AF64&AG64&AH64 -> CZ13LargeOffice061 | AF64: 0 | AG64: 6 | AH64: 1 | AI64: 2.9539611 | AJ64: -206.83364 | AK64: 0.24731932 | AL64: -5.971543 | AM64: 0.19289822 | AN64: -0.62057959
A65: =$C$2&$B$54& B65& C65&D65 -> CZ03LargeOffice062 | B65: 0 | C65: 6 | D65: 2 | E65: 0.42057106 | F65: -18.184272 | G65: 0.15039422 | H65: 1.6669208 | I65: 0 | J65: 0 | K65: =$M$2&$L$54&L65&M65&N65 -> CZ04LargeOffice062 | L65: 0 | M65: 6 | N65: 2 | O65: 0.56694368 | P65: -29.347414 | Q65: 0.13862359 | R65: 2.5048301 | S65: 0.13862359 | T65: 2.5048301 | U65: =$W$2&$L$54&V65&W65&X65 -> CZ12LargeOffice062 | V65: 0 | W65: 6 | X65: 2 | Y65: 0.33726156 | Z65: -12.569564 | AA65: 0.1942127 | AB65: -2.7179496 | AC65: 0.08184573 | AD65: 7.9119562 | AE65: =$AG$2&$L$54&AF65&AG65&AH65 -> CZ13LargeOffice062 | AF65: 0 | AG65: 6 | AH65: 2 | AI65: -3.2553701 | AJ65: 254.94481 | AK65: 0.15823006 | AL65: 0.51624225 | AM65: 0.10357667 | AN65: 5.8946286
A66: =$C$2&$B$54& B66& C66&D66 -> CZ03LargeOffice063 | B66: 0 | C66: 6 | D66: 3 | E66: 0.42057106 | F66: -18.184272 | G66: 0.15039422 | H66: 1.6669208 | I66: 0 | J66: 0 | K66: =$M$2&$L$54&L66&M66&N66 -> CZ04LargeOffice063 | L66: 0 | M66: 6 | N66: 3 | O66: 0.56694368 | P66: -29.347414 | Q66: 0.13862359 | R66: 2.5048301 | S66: 0.13862359 | T66: 2.5048301 | U66: =$W$2&$L$54&V66&W66&X66 -> CZ12LargeOffice063 | V66: 0 | W66: 6 | X66: 3 | Y66: 0.33726156 | Z66: -12.569564 | AA66: 0.1942127 | AB66: -2.7179496 | AC66: 0.08184573 | AD66: 7.9119562 | AE66: =$AG$2&$L$54&AF66&AG66&AH66 -> CZ13LargeOffice063 | AF66: 0 | AG66: 6 | AH66: 3 | AI66: -3.2553701 | AJ66: 254.94481 | AK66: 0.15823006 | AL66: 0.51624225 | AM66: 0.10357667 | AN66: 5.8946286
A67: =$C$2&$B$54& B67& C67&D67 -> CZ03LargeOffice064 | B67: 0 | C67: 6 | D67: 4 | E67: 0.42057106 | F67: -18.184272 | G67: 0.15039422 | H67: 1.6669208 | I67: 0 | J67: 0 | K67: =$M$2&$L$54&L67&M67&N67 -> CZ04LargeOffice064 | L67: 0 | M67: 6 | N67: 4 | O67: 0.56694368 | P67: -29.347414 | Q67: 0.13862359 | R67: 2.5048301 | S67: 0.13862359 | T67: 2.5048301 | U67: =$W$2&$L$54&V67&W67&X67 -> CZ12LargeOffice064 | V67: 0 | W67: 6 | X67: 4 | Y67: 0.33726156 | Z67: -12.569564 | AA67: 0.1942127 | AB67: -2.7179496 | AC67: 0.08184573 | AD67: 7.9119562 | AE67: =$AG$2&$L$54&AF67&AG67&AH67 -> CZ13LargeOffice064 | AF67: 0 | AG67: 6 | AH67: 4 | AI67: -3.2553701 | AJ67: 254.94481 | AK67: 0.15823006 | AL67: 0.51624225 | AM67: 0.10357667 | AN67: 5.8946286
... A79: =$C$2&$B$54& B79& C79&D79 -> CZ03LargeOffice-264 | B79: -2 | C79: 6 | D79: 4 | E79: 0.43127451 | F79: -18.461137 | G79: 0.15882516 | H79: 1.5642457 | I79: 0 | J79: 0 | K79: =$M$2&$L$54&L79&M79&N79 -> CZ04LargeOffice-264 | L79: -2 | M79: 6 | N79: 4 | O79: 0.58074408 | P79: -29.865937 | Q79: 0.15930989 | R79: 1.4386291 | S79: 0.15930989 | T79: 1.4386291 | U79: =$W$2&$L$54&V79&W79&X79 -> CZ12LargeOffice-264 | V79: -2 | W79: 6 | X79: 4 | Y79: 0.30853836 | Z79: -10.041816 | AA79: 0.22332394 | AB79: -4.5441822 | AC79: 0.070511529 | AD79: 9.9121147 | AE79: =$AG$2&$L$54&AF79&AG79&AH79 -> CZ13LargeOffice-264 | AF79: -2 | AG79: 6 | AH79: 4 | AI79: -3.1481542 | AJ79: 247.31 | AK79: 0.16889689 | AL79: 0.34553529 | AM79: 0.099418605 | AN79: 7.1244541
B80: Retail | E80: OAT<=75°F | G80: 75°F<=OAT<95°F | I80: OAT>=95°F | L80: Retail | O80: OAT<=75°F | Q80: 75°F<=OAT<95°F | S80: OAT>=95°F | V80: Retail | Y80: OAT<=75°F | AA80: 75°F<=OAT<95°F | AC80: OAT>=95°F | AF80: Retail | AI80: OAT<=75°F | AK80: 75°F<=OAT<95°F | AM80: OAT>=95°F
B81: Precool (°F) | C81: Temp Reset (°F) | D81: DR Event Hour | E81: Equation_Slope | F81: Equation_Intercept | G81: Equation_Slope | H81: Equation_Intercept | I81: Equation_Slope | J81: Equation_Intercept | K81: Case ID | L81: Precool (°F) | M81: Temp Reset (°F) | N81: DR Event Hour | O81: Equation_Slope | P81: Equation_Intercept | Q81: Equation_Slope | R81: Equation_Intercept | S81: Equation_Slope | T81: Equation_Intercept | U81: Case ID | V81: Precool (°F) | W81: Temp Reset (°F) | X81: DR Event Hour | Y81: Equation_Slope | Z81: Equation_Intercept | AA81: Equation_Slope | AB81: Equation_Intercept | AC81: Equation_Slope | AD81: Equation_Intercept | AE81: Case ID | AF81: Precool (°F) | AG81: Temp Reset (°F) | AH81: DR Event Hour | AI81: Equation_Slope | AJ81: Equation_Intercept | AK81: Equation_Slope | AL81: Equation_Intercept | AM81: Equation_Slope | AN81: Equation_Intercept
A82: =$C$2&$B$80& B82& C82&D82 -> CZ03Retail021 | B82: 0 | C82: 2 | D82: 1 | E82: 1.1545328 | F82: -71.569651 | G82: -0.065159418 | H82: 14.810247 | I82: 0 | J82: 0 | K82: =$M$2&$L$80&L82&M82&N82 -> CZ04Retail021 | L82: 0 | M82: 2 | N82: 1 | O82: 0.15000941 | P82: 0.17672971 | Q82: -0.052198813 | R82: 14.500603 | S82: -0.052198813 | T82: 14.500603 | U82: =$W$2&$L$80&V82&W82&X82 -> CZ12Retail021 | V82: 0 | W82: 2 | X82: 1 | Y82: 0.8045966 | Z82: -48.4192 | AA82: 0.0088576589 | AB82: 8.1065618 | AC82: -0.10043809 | AD82: 18.643669 | AE82: =$AG$2&$L$80&AF82&AG82&AH82 -> CZ13Retail021 | AF82: 0 | AG82: 2 | AH82: 1 | AI82: 0.012573882 | AJ82: 7.7118633 | AK82: 0.012573882 | AL82: 7.7118633 | AM82: -0.0063736517 | AN82: 9.5841737
A83: =$C$2&$B$80& B83& C83&D83 -> CZ03Retail022 | B83: 0 | C83: 2 | D83: 2 | E83: 0.94565197 | F83: -57.487804 | G83: -0.037328185 | H83: 10.309676 | I83: 0 | J83: 0 | K83: =$M$2&$L$80&L83&M83&N83 -> CZ04Retail022 | L83: 0 | M83: 2 | N83: 2 | O83: -0.3923888 | P83: 38.352747 | Q83: -0.053520366 | R83: 11.942071 | S83: -0.053520366 | T83: 11.942071 | U83: =$W$2&$L$80&V83&W83&X83 -> CZ12Retail022 | V83: 0 | W83: 2 | X83: 2 | Y83: 0.60859567 | Z83: -35.786394 | AA83: -0.014625629 | AB83: 8.0390428 | AC83: -0.25853091 | AD83: 31.706185 | AE83: =$AG$2&$L$80&AF83&AG83&AH83 -> CZ13Retail022 | AF83: 0 | AG83: 2 | AH83: 2 | AI83: 0.0011257672 | AJ83: 6.548576 | AK83: 0.0011257672 | AL83: 6.548576 | AM83: -0.026589182 | AN83: 9.3476143
A84: =$C$2&$B$80& B84& C84&D84 -> CZ03Retail023 | B84: 0 | C84: 2 | D84: 3 | E84: 0.84458461 | F84: -50.904177 | G84: -0.054851674 | H84: 11.43691 | I84: 0 | J84: 0 | K84: =$M$2&$L$80&L84&M84&N84 -> CZ04Retail023 | L84: 0 | M84: 2 | N84: 3 | O84: -0.24315385 | P84: 27.263633 | Q84: -0.070762113 | R84: 12.858836 | S84: -0.070762113 | T84: 12.858836 | U84: =$W$2&$L$80&V84&W84&X84 -> CZ12Retail023 | V84: 0 | W84: 2 | X84: 3 | Y84: 0.55606194 | Z84: -32.857867 | AA84: -0.024494033 | AB84: 8.5016754 | AC84: -0.20311181 | AD84: 25.891134 | AE84: =$AG$2&$L$80&AF84&AG84&AH84 -> CZ13Retail023 | AF84: 0 | AG84: 2 | AH84: 3 | AI84: -0.00095830418 | AJ84: 6.3388423 | AK84: -0.00095830418 | AL84: 6.3388423 | AM84: -0.028761248 | AN84: 9.1284055
A85: =$C$2&$B$80& B85& C85&D85 -> CZ03Retail024 | B85: 0 | C85: 2 | D85: 4 | E85: 0.7454925 | F85: -45.029293 | G85: -0.2332857 | H85: 25.143709 | I85: 0 | J85: 0 | K85: =$M$2&$L$80&L85&M85&N85 -> CZ04Retail024 | L85: 0 | M85: 2 | N85: 4 | O85: 0.17986805 | P85: -3.6610969 | Q85: -0.084481633 | R85: 13.575465 | S85: -0.084481633 | T85: 13.575465 | U85: =$W$2&$L$80&V85&W85&X85 -> CZ12Retail024 | V85: 0 | W85: 2 | X85: 4 | Y85: 0.50634439 | Z85: -28.922076 | AA85: -0.027495048 | AB85: 8.465789 | AC85: -0.059928408 | AD85: 11.891321 | AE85: =$AG$2&$L$80&AF85&AG85&AH85 -> CZ13Retail024 | AF85: 0 | AG85: 2 | AH85: 4 | AI85: 0.0042023576 | AJ85: 5.6326804 | AK85: 0.0042023576 | AL85: 5.6326804 | AM85: -0.027302751 | AN85: 8.6678487
A86: =$C$2&$B$80& B86& C86&D86 -> CZ03Retail041 | B86: 0 | C86: 4 | D86: 1 | E86: 1.6858713 | F86: -106.00096 | G86: -0.072165705 | H86: 24.224676 | I86: 0 | J86: 0 | K86: =$M$2&$L$80&L86&M86&N86 -> CZ04Retail041 | L86: 0 | M86: 4 | N86: 1 | O86: 1.5000261 | P86: -91.697036 | Q86: -0.099785051 | R86: 27.951659 | S86: -0.099785051 | T86: 27.951659 | U86: =$W$2&$L$80&V86&W86&X86 -> CZ12Retail041 | V86: 0 | W86: 4 | X86: 1 | Y86: 1.1290427 | Z86: -68.499564 | AA86: 0.05576531 | AB86: 12.374699 | AC86: -0.097688874 | AD86: 27.068836 | AE86: =$AG$2&$L$80&AF86&AG86&AH86 -> CZ13Retail041 | AF86: 0 | AG86: 4 | AH86: 1 | AI86: 0.0659967 | AJ86: 11.432925 | AK86: 0.0659967 | AL86: 11.432925 | AM86: 0.026898488 | AN86: 15.213756
A87: =$C$2&$B$80& B87& C87&D87 -> CZ03Retail042 | B87: 0 | C87: 4 | D87: 2 | E87: 1.7185258 | F87: -107.26504 | G87: -0.18079343 | H87: 29.966278 | I87: 0 | J87: 0 | K87: =$M$2&$L$80&L87&M87&N87 -> CZ04Retail042 | L87: 0 | M87: 4 | N87: 2 | O87: 1.233545 | P87: -71.833283 | Q87: -0.25255864 | R87: 36.318586 | S87: -0.25255864 | T87: 36.318586 | U87: =$W$2&$L$80&V87&W87&X87 -> CZ12Retail042 | V87: 0 | W87: 4 | X87: 2 | Y87: 1.2057517 | Z87: -73.44821 | AA87: -0.065813611 | AB87: 19.431744 | AC87: -0.24504028 | AD87: 37.281839 | AE87: =$AG$2&$L$80&AF87&AG87&AH87 -> CZ13Retail042 | AF87: 0 | AG87: 4 | AH87: 2 | AI87: 0.011741722 | AJ87: 12.415901 | AK87: 0.011741722 | AL87: 12.415901 | AM87: -0.031120183 | AN87: 16.830697
A88: =$C$2&$B$80& B88& C88&D88 -> CZ03Retail043 | B88: 0 | C88: 4 | D88: 3 | E88: 1.5194956 | F88: -93.844366 | G88: -0.21648539 | H88: 32.148054 | I88: 0 | J88: 0 | K88: =$M$2&$L$80&L88&M88&N88 -> CZ04Retail043 | L88: 0 | M88: 4 | N88: 3 | O88: 1.3625801 | P88: -80.82705 | Q88: -0.27137645 | R88: 36.891994 | S88: -0.27137645 | T88: 36.891994 | U88: =$W$2&$L$80&V88&W88&X88 -> CZ12Retail043 | V88: 0 | W88: 4 | X88: 3 | Y88: 1.1981761 | Z88: -73.136396 | AA88: -0.062940416 | AB88: 18.507182 | AC88: -0.2051252 | AD88: 32.720337 | AE88: =$AG$2&$L$80&AF88&AG88&AH88 -> CZ13Retail043 | AF88: 0 | AG88: 4 | AH88: 3 | AI88: 0.0026891751 | AJ88: 12.581015 | AK88: 0.0026891751 | AL88: 12.581015 | AM88: -0.046220628 | AN88: 17.561447
A89: =$C$2&$B$80& B89& C89&D89 -> CZ03Retail044 | B89: 0 | C89: 4 | D89: 4 | E89: 1.2261853 | F89: -74.960828 | G89: -0.67214099 | H89: 67.22121 | I89: 0 | J89: 0 | K89: =$M$2&$L$80&L89&M89&N89 -> CZ04Retail044 | L89: 0 | M89: 4 | N89: 4 | O89: 1.6465381 | P89: -101.79956 | Q89: -0.36694823 | R89: 43.816232 | S89: -0.36694823 | T89: 43.816232 | U89: =$W$2&$L$80&V89&W89&X89 -> CZ12Retail044 | V89: 0 | W89: 4 | X89: 4 | Y89: 1.1150146 | Z89: -67.327066 | AA89: -0.075427498 | AB89: 19.049561 | AC89: -0.073101652 | AD89: 19.561839 | AE89: =$AG$2&$L$80&AF89&AG89&AH89 -> CZ13Retail044 | AF89: 0 | AG89: 4 | AH89: 4 | AI89: 0.012988202 | AJ89: 11.233484 | AK89: 0.012988202 | AL89: 11.233484 | AM89: -0.052994209 | AN89: 17.633983
A90: =$C$2&$B$80& B90& C90&D90 -> CZ03Retail061 | B90: 0 | C90: 6 | D90: 1 | E90: 1.7535623 | F90: -110.27021 | G90: 0.27601025 | H90: 1.3111991 | I90: 0 | J90: 0 | K90: =$M$2&$L$80&L90&M90&N90 -> CZ04Retail061 | L90: 0 | M90: 6 | N90: 1 | O90: 1.6611322 | P90: -102.46509 | Q90: 0.17241891 | R90: 12.150115 | S90: 0.17241891 | T90: 12.150115 | U90: =$W$2&$L$80&V90&W90&X90 -> CZ12Retail061 | V90: 0 | W90: 6 | X90: 1 | Y90: 1.1792088 | Z90: -71.550969 | AA90: 0.30325659 | AB90: -2.7635759 | AC90: -0.10503267 | AD90: 35.21305 | AE90: =$AG$2&$L$80&AF90&AG90&AH90 -> CZ13Retail061 | AF90: 0 | AG90: 6 | AH90: 1 | AI90: 0.18765563 | AJ90: 7.4366236 | AK90: 0.18765563 | AL90: 7.4366236 | AM90: 0.019769411 | AN90: 23.218759
A91: =$C$2&$B$80& B91& C91&D91 -> CZ03Retail062 | B91: 0 | C91: 6 | D91: 2 | E91: 1.8293453 | F91: -114.2176 | G91: -0.053857089 | H91: 26.156802 | I91: 0 | J91: 0 | K91: =$M$2&$L$80&L91&M91&N91 -> CZ04Retail062 | L91: 0 | M91: 6 | N91: 2 | O91: 2.3474013 | P91: -150.38489 | Q91: -0.26953196 | R91: 44.99127 | S91: -0.26953196 | T91: 44.99127 | U91: =$W$2&$L$80&V91&W91&X91 -> CZ12Retail062 | V91: 0 | W91: 6 | X91: 2 | Y91: 1.3260591 | Z91: -80.982542 | AA91: -0.0024202231 | AB91: 20.066783 | AC91: -0.26665645 | AD91: 45.488655 | AE91: =$AG$2&$L$80&AF91&AG91&AH91 -> CZ13Retail062 | AF91: 0 | AG91: 6 | AH91: 2 | AI91: -0.012365341 | AJ91: 20.688122 | AK91: -0.012365341 | AL91: 20.688122 | AM91: -0.049411295 | AN91: 24.607819
A92: =$C$2&$B$80& B92& C92&D92 -> CZ03Retail063 | B92: 0 | C92: 6 | D92: 3 | E92: 1.6725692 | F92: -103.49203 | G92: -0.044003306 | H92: 24.504795 | I92: 0 | J92: 0 | K92: =$M$2&$L$80&L92&M92&N92 -> CZ04Retail063 | L92: 0 | M92: 6 | N92: 3 | O92: 2.1049549 | P92: -132.29368 | Q92: -0.30615391 | R92: 46.674142 | S92: -0.30615391 | T92: 46.674142 | U92: =$W$2&$L$80&V92&W92&X92 -> CZ12Retail063 | V92: 0 | W92: 6 | X92: 3 | Y92: 1.3677823 | Z92: -83.822736 | AA92: -0.071774318 | AB92: 25.088008 | AC92: -0.21961097 | AD92: 39.821012 | AE92: =$AG$2&$L$80&AF92&AG92&AH92 -> CZ13Retail063 | AF92: 0 | AG92: 6 | AH92: 3 | AI92: -0.014867845 | AJ92: 19.856598 | AK92: -0.014867845 | AL92: 19.856598 | AM92: -0.051674606 | AN92: 23.830171
A93: =$C$2&$B$80& B93& C93&D93 -> CZ03Retail064 | B93: 0 | C93: 6 | D93: 4 | E93: 1.3389465 | F93: -81.87877 | G93: -0.69770952 | H93: 75.279638 | I93: 0 | J93: 0 | K93: =$M$2&$L$80&L93&M93&N93 -> CZ04Retail064 | L93: 0 | M93: 6 | N93: 4 | O93: 2.1541938 | P93: -136.30329 | Q93: -0.46035485 | R93: 58.074115 | S93: -0.46035485 | T93: 58.074115 | U93: =$W$2&$L$80&V93&W93&X93 -> CZ12Retail064 | V93: 0 | W93: 6 | X93: 4 | Y93: 1.2535688 | Z93: -75.998692 | AA93: -0.11720637 | AB93: 28.229394 | AC93: -0.068281216 | AD93: 24.554494 | AE93: =$AG$2&$L$80&AF93&AG93&AH93 -> CZ13Retail064 | AF93: 0 | AG93: 6 | AH93: 4 | AI93: -0.0067019236 | AJ93: 18.497649 | AK93: -0.0067019236 | AL93: 18.497649 | AM93: -0.056438726 | AN93: 23.577851
... A105: =$C$2&$B$80& B105& C105&D105 -> CZ03Retail-264 | B105: -2 | C105: 6 | D105: 4 | E105: 1.3446463 | F105: -82.230586 | G105: -0.64853337 | H105: 71.681184 | I105: 0 | J105: 0 | K105: =$M$2&$L$80&L105&M105&N105 -> CZ04Retail-264 | L105: -2 | M105: 6 | N105: 4 | O105: 2.1619391 | P105: -136.78804 | Q105: -0.42058177 | R105: 55.363227 | S105: -0.42058177 | T105: 55.363227 | U105: =$W$2&$L$80&V105&W105&X105 -> CZ12Retail-264 | V105: -2 | W105: 6 | X105: 4 | Y105: 1.2594918 | Z105: -76.363014 | AA105: -0.11001971 | AB105: 28.075281 | AC105: -0.073895574 | AD105: 25.514863 | AE105: =$AG$2&$L$80&AF105&AG105&AH105 -> CZ13Retail-264 | AF105: -2 | AG105: 6 | AH105: 4 | AI105: -0.0063065371 | AJ105: 18.927355 | AK105: -0.0063065371 | AL105: 18.927355 | AM105: -0.061635067 | AN105: 24.533362
B107: SmallOffice | C107: CZ03 | E107: OAT<=75°F | G107: 75°F<=OAT<95°F | I107: OAT>=95°F | L107: SmallOffice | M107: CZ04 | O107: OAT<=75°F | Q107: 75°F<=OAT<95°F | S107: OAT>=95°F | V107: SmallOffice | W107: CZ12 | Y107: OAT<=75°F | AA107: 75°F<=OAT<95°F | AC107: OAT>=95°F | AF107: Small Office | AG107: CZ13 | AI107: OAT<=75°F | AK107: 75°F<=OAT<95°F | AM107: OAT>=95°F
A108: Case ID | B108: Duty Cycle (minutes off/hr) | C108: CompressorOnly | D108: DR Event Hour (2PM to 6PM) | E108: Equation_Slope | F108: Equation_Intercept | G108: Equation_Slope | H108: Equation_Intercept | I108: Equation_Slope | J108: Equation_Intercept | K108: Case ID | L108: Duty Cycle (minutes off/hr) | N108: DR Event Hour (2PM to 6PM) | O108: Equation_Slope | P108: Equation_Intercept | Q108: Equation_Slope | R108: Equation_Intercept | S108: Equation_Slope | T108: Equation_Intercept | U108: Case ID | V108: Duty Cycle (minutes off/hr) | X108: DR Event Hour (2PM to 6PM) | Y108: Equation_Slope | Z108: Equation_Intercept | AA108: Equation_Slope | AB108: Equation_Intercept | AC108: Equation_Slope | AD108: Equation_Intercept | AE108: Case ID | AF108: Duty Cycle (minutes off/hr) | AH108: DR Event Hour (2PM to 6PM) | AI108: Equation_Slope | AJ108: Equation_Intercept | AK108: Equation_Slope | AL108: Equation_Intercept | AM108: Equation_Slope | AN108: Equation_Intercept
A109: =$B$107&$C$2&B109&C109&D109 -> SmallOfficeCZ03CycleYes1 | B109: Cycle | C109: Yes | D109: 1 | E109: 0.75697147 | F109: -34.889875 | G109: 0.50820922 | H109: -16.558269 | I109: 0 | J109: 0 | K109: =$B$107&$M$2&L109&M109&N109 -> SmallOfficeCZ04CycleYes1 | L109: Cycle | M109: Yes | N109: 1 | O109: 0.44764993 | P109: -11.877235 | Q109: 0.5276001 | R109: -15.901699 | S109: 0.5276001 | T109: -15.901699 | U109: =$B$107&$W$2&V109&W109&X109 -> SmallOfficeCZ12CycleYes1 | V109: Cycle | W109: Yes | X109: 1 | Y109: 0.64058923 | Z109: -26.883983 | AA109: 0.68332656 | AB109: -31.167888 | AC109: 0.57675501 | AD109: -21.017034 | AE109: =$B$107&$AG$2&AF109&AG109&AH109 -> SmallOfficeCZ13CycleYes1 | AF109: Cycle | AG109: Yes | AH109: 1 | AI109: 3.7562223 | AJ109: -259.08042 | AK109: 0.69195428 | AL109: -31.499164 | AM109: 0.77982312 | AN109: -40.004612
A110: =$B$107&$C$2&B110&C110&D110 -> SmallOfficeCZ03CycleYes2 | B110: Cycle | C110: Yes | D110: 2 | E110: 0.80036279 | F110: -37.022101 | G110: 0.53292825 | H110: -17.998064 | I110: 0 | J110: 0 | K110: =$B$107&$M$2&L110&M110&N110 -> SmallOfficeCZ04CycleYes2 | L110: Cycle | M110: Yes | N110: 2 | O110: 1.1617793 | P110: -62.598569 | Q110: 0.50092483 | R110: -13.184299 | S110: 0.50092483 | T110: -13.184299 | U110: =$B$107&$W$2&V110&W110&X110 -> SmallOfficeCZ12CycleYes2 | V110: Cycle | W110: Yes | X110: 2 | Y110: 0.64225121 | Z110: -26.739412 | AA110: 0.65806658 | AB110: -28.424017 | AC110: 0.60911992 | AD110: -23.824728 | AE110: =$B$107&$AG$2&AF110&AG110&AH110 -> SmallOfficeCZ13CycleYes2 | AF110: Cycle | AG110: Yes | AH110: 2 | AI110: 1.9083838 | AJ110: -123.0764 | AK110: 0.68009126 | AL110: -30.218409 | AM110: 0.70141919 | AN110: -31.722361
A111: =$B$107&$C$2&B111&C111&D111 -> SmallOfficeCZ03CycleYes3 | B111: Cycle | C111: Yes | D111: 3 | E111: 0.73820294 | F111: -32.227329 | G111: 0.52386122 | H111: -17.163002 | I111: 0 | J111: 0 | K111: =$B$107&$M$2&L111&M111&N111 -> SmallOfficeCZ04CycleYes3 | L111: Cycle | M111: Yes | N111: 3 | O111: 0.9755014 | P111: -48.417965 | Q111: 0.48392269 | R111: -11.652337 | S111: 0.48392269 | T111: -11.652337 | U111: =$B$107&$W$2&V111&W111&X111 -> SmallOfficeCZ12CycleYes3 | V111: Cycle | W111: Yes | X111: 3 | Y111: 0.59242422 | Z111: -22.985559 | AA111: 0.63863342 | AB111: -26.193709 | AC111: 0.65340918 | AD111: -27.697773 | AE111: =$B$107&$AG$2&AF111&AG111&AH111 -> SmallOfficeCZ13CycleYes3 | AF111: Cycle | AG111: Yes | AH111: 3 | AI111: 0.47950145 | AJ111: -16.370394 | AK111: 0.71525488 | AL111: -32.980026 | AM111: 0.68486027 | AN111: -29.626557
A112: =$B$107&$C$2&B112&C112&D112 -> SmallOfficeCZ03CycleYes4 | B112: Cycle | C112: Yes | D112: 4 | E112: 0.88021945 | F112: -40.562207 | G112: 0.067125288 | H112: 21.111265 | I112: 0 | J112: 0 | K112: =$B$107&$M$2&L112&M112&N112 -> SmallOfficeCZ04CycleYes4 | L112: Cycle | M112: Yes | N112: 4 | O112: 1.1251559 | P112: -56.368739 | Q112: 0.6424578 | R112: -20.503312 | S112: 0.6424578 | T112: -20.503312 | U112: =$B$107&$W$2&V112&W112&X112 -> SmallOfficeCZ12CycleYes4 | V112: Cycle | W112: Yes | X112: 4 | Y112: 0.69062026 | Z112: -28.143359 | AA112: 0.78344743 | AB112: -33.361489 | AC112: 0.5565353 | AD112: -11.298124 | AE112: =$B$107&$AG$2&AF112&AG112&AH112 -> SmallOfficeCZ13CycleYes4 | AF112: Cycle | AG112: Yes | AH112: 4 | AI112: 1.0571754 | AJ112: -57.90318 | AK112: 0.94948803 | AL112: -48.335261 | AM112: 0.62652977 | AN112: -16.932247
A113: =$B$107&$C$2&B113&C113&D113 -> SmallOfficeCZ03CycleNo1 | B113: Cycle | C113: No | D113: 1 | E113: 0.60836197 | F113: -8.4081421 | G113: 0.40843701 | H113: 6.3245822 | I113: 0 | J113: 0 | K113: =$B$107&$M$2&L113&M113&N113 -> SmallOfficeCZ04CycleNo1 | L113: Cycle | M113: No | N113: 1 | O113: 0.3538941 | P113: 11.554341 | Q113: 0.4170995 | R113: 8.3727612 | S113: 0.4170995 | T113: 8.3727612 | U113: =$B$107&$W$2&V113&W113&X113 -> SmallOfficeCZ12CycleNo1 | V113: Cycle | W113: No | X113: 1 | Y113: 0.50392261 | Z113: 0.18610264 | AA113: 0.53754213 | AB113: -3.1838516 | AC113: 0.45370711 | AD113: 4.8013664 | AE113: =$B$107&$AG$2&AF113&AG113&AH113 -> SmallOfficeCZ13CycleNo1 | AF113: Cycle | AG113: No | AH113: 1 | AI113: 2.9210478 | AJ113: -179.24095 | AK113: 0.53810222 | AL113: -2.2610791 | AM113: 0.60643393 | AN113: -8.8753898
A114: =$B$107&$C$2&B114&C114&D114 -> SmallOfficeCZ03CycleNo2 | B114: Cycle | C114: No | D114: 2 | E114: 0.64323466 | F114: -10.121767 | G114: 0.42830317 | H114: 5.1674492 | I114: 0 | J114: 0 | K114: =$B$107&$M$2&L114&M114&N114 -> SmallOfficeCZ04CycleNo2 | L114: Cycle | M114: No | N114: 2 | O114: 0.91845617 | P114: -28.543913 | Q114: 0.3960111 | R114: 10.521028 | S114: 0.3960111 | T114: 10.521028 | U114: =$B$107&$W$2&V114&W114&X114 -> SmallOfficeCZ12CycleNo2 | V114: Cycle | W114: No | X114: 2 | Y114: 0.50523001 | Z114: 0.2998304 | AA114: 0.51767125 | AB114: -1.0253725 | AC114: 0.47916712 | AD114: 2.5926803 | AE114: =$B$107&$AG$2&AF114&AG114&AH114 -> SmallOfficeCZ13CycleNo2 | AF114: Cycle | AG114: No | AH114: 2 | AI114: 1.4840656 | AJ114: -73.47664 | AK114: 0.52887687 | AL114: -1.2650929 | AM114: 0.54546266 | AN114: -2.4346498
A115: =$B$107&$C$2&B115&C115&D115 -> SmallOfficeCZ03CycleNo3 | B115: Cycle | C115: No | D115: 3 | E115: 0.5932781 | F115: -6.2683101 | G115: 0.4210162 | H115: 5.8385708 | I115: 0 | J115: 0 | K115: =$B$107&$M$2&L115&M115&N115 -> SmallOfficeCZ04CycleNo3 | L115: Cycle | M115: No | N115: 3 | O115: 0.77119232 | P115: -17.333296 | Q115: 0.38256989 | R115: 11.732136 | S115: 0.38256989 | T115: 11.732136 | U115: =$B$107&$W$2&V115&W115&X115 -> SmallOfficeCZ12CycleNo3 | V115: Cycle | W115: No | X115: 3 | Y115: 0.46603337 | Z115: 3.2528166 | AA115: 0.50238406 | AB115: 0.72911032 | AC115: 0.51400748 | AD115: -0.45406943 | AE115: =$B$107&$AG$2&AF115&AG115&AH115 -> SmallOfficeCZ13CycleNo3 | AF115: Cycle | AG115: No | AH115: 3 | AI115: 0.37288705 | AJ115: 9.5038957 | AK115: 0.55622206 | AL115: -3.4126799 | AM115: 0.53258552 | AN115: -0.80483613
A116: =$B$107&$C$2&B116&C116&D116 -> SmallOfficeCZ03CycleNo4 | B116: Cycle | C116: No | D116: 4 | E116: 0.59181775 | F116: 3.6203561 | G116: -0.038239995 | H116: 51.180895 | I116: 0 | J116: 0 | K116: =$B$107&$M$2&L116&M116&N116 -> SmallOfficeCZ04CycleNo4 | L116: Cycle | M116: No | N116: 4 | O116: 0.79671524 | P116: -8.4610781 | Q116: 0.44008652 | R116: 17.972573 | S116: 0.44008652 | T116: 17.972573 | U116: =$B$107&$W$2&V116&W116&X116 -> SmallOfficeCZ12CycleNo4 | V116: Cycle | W116: No | X116: 4 | Y116: 0.41169654 | Z116: 17.307526 | AA116: 0.52761207 | AB116: 10.219618 | AC116: 0.37397292 | AD116: 25.21142 | AE116: =$B$107&$AG$2&AF116&AG116&AH116 -> SmallOfficeCZ13CycleNo4 | AF116: Cycle | AG116: No | AH116: 4 | AI116: 1.1299454 | AJ116: -37.110749 | AK116: 0.67376011 | AL116: -2.2468707 | AM116: 0.41364686 | AN116: 22.799107
B117: MediumOffice | E117: OAT<=75°F | G117: 75°F<=OAT<95°F | I117: OAT>=95°F | L117: MediumOffice | O117: OAT<=75°F | Q117: 75°F<=OAT<95°F | S117: OAT>=95°F | V117: MediumOffice | Y117: OAT<=75°F | AA117: 75°F<=OAT<95°F | AC117: OAT>=95°F | AF117: MediumOffice | AI117: OAT<=75°F | AK117: 75°F<=OAT<95°F | AM117: OAT>=95°F
A118: Case ID | B118: Duty Cycle (minutes off/hr) | D118: DR Event Hour | E118: Equation_Slope | F118: Equation_Intercept | G118: Equation_Slope | H118: Equation_Intercept | I118: Equation_Slope | J118: Equation_Intercept | K118: Case ID | L118: Duty Cycle (minutes off/hr) | N118: DR Event Hour | O118: Equation_Slope | P118: Equation_Intercept | Q118: Equation_Slope | R118: Equation_Intercept | S118: Equation_Slope | T118: Equation_Intercept | U118: Case ID | V118: Duty Cycle (minutes off/hr) | X118: DR Event Hour | Y118: Equation_Slope | Z118: Equation_Intercept | AA118: Equation_Slope | AB118: Equation_Intercept | AC118: Equation_Slope | AD118: Equation_Intercept | AE118: Case ID | AF118: Duty Cycle (minutes off/hr) | AH118: DR Event Hour | AI118: Equation_Slope | AJ118: Equation_Intercept | AK118: Equation_Slope | AL118: Equation_Intercept | AM118: Equation_Slope | AN118: Equation_Intercept
A119: =$B$117&$C$2&B119&C119&D119 -> MediumOfficeCZ03CycleYes1 | B119: Cycle | C119: Yes | D119: 1 | E119: 1.2389106 | F119: -64.948095 | G119: 0.44183758 | H119: -5.2381568 | I119: 0 | J119: 0 | K119: =$B$117&$M$2&L119&M119&N119 -> MediumOfficeCZ04CycleYes1 | L119: Cycle | M119: Yes | N119: 1 | O119: 0.71236009 | P119: -24.560184 | Q119: 0.30417986 | R119: 8.9597041 | S119: 0.30417986 | T119: 8.9597041 | U119: =$B$117&$W$2&V119&W119&X119 -> MediumOfficeCZ12CycleYes1 | V119: Cycle | W119: Yes | X119: 1 | Y119: 1.2621163 | Z119: -68.45558 | AA119: 0.76817484 | AB119: -33.369405 | AC119: 0.66187888 | AD119: -22.880572 | AE119: =$B$117&$AG$2&AF119&AG119&AH119 -> MediumOfficeCZ13CycleYes1 | AF119: Cycle | AG119: Yes | AH119: 1 | AI119: 1.9854249 | AJ119: -123.92651 | AK119: 0.74186427 | AL119: -29.868841 | AM119: 0.82729068 | AN119: -37.933158
A120: =$B$117&$C$2&B120&C120&D120 -> MediumOfficeCZ03CycleYes2 | B120: Cycle | C120: Yes | D120: 2 | E120: 1.3673445 | F120: -72.707807 | G120: 0.48068693 | H120: -7.5066126 | I120: 0 | J120: 0 | K120: =$B$117&$M$2&L120&M120&N120 -> MediumOfficeCZ04CycleYes2 | L120: Cycle | M120: Yes | N120: 2 | O120: 2.0814901 | P120: -121.88837 | Q120: 0.20505597 | R120: 17.729624 | S120: 0.20505597 | T120: 17.729624 | U120: =$B$117&$W$2&V120&W120&X120 -> MediumOfficeCZ12CycleYes2 | V120: Cycle | W120: Yes | X120: 2 | Y120: 1.1065141 | Z120: -58.340469 | AA120: 0.72350742 | AB120: -28.608477 | AC120: 0.69892212 | AD120: -25.939963 | AE120: =$B$117&$AG$2&AF120&AG120&AH120 -> MediumOfficeCZ13CycleYes2 | AF120: Cycle | AG120: Yes | AH120: 2 | AI120: -2.9018298 | AJ120: 240.5151 | AK120: 0.72335888 | AL120: -27.742151 | AM120: 0.73765123 | AN120: -28.33947
A121: =$B$117&$C$2&B121&C121&D121 -> MediumOfficeCZ03CycleYes3 | B121: Cycle | C121: Yes | D121: 3 | E121: 1.2862056 | F121: -66.912487 | G121: 0.5282836 | H121: -11.571202 | I121: 0 | J121: 0 | K121: =$B$117&$M$2&L121&M121&N121 -> MediumOfficeCZ04CycleYes3 | L121: Cycle | M121: Yes | N121: 3 | O121: 1.8889353 | P121: -107.16525 | Q121: 0.23385393 | R121: 15.085073 | S121: 0.23385393 | T121: 15.085073 | U121: =$B$117&$W$2&V121&W121&X121 -> MediumOfficeCZ12CycleYes3 | V121: Cycle | W121: Yes | X121: 3 | Y121: 1.0570751 | Z121: -54.680625 | AA121: 0.69000752 | AB121: -25.42189 | AC121: 0.69045659 | AD121: -25.039926 | AE121: =$B$117&$AG$2&AF121&AG121&AH121 -> MediumOfficeCZ13CycleYes3 | AF121: Cycle | AG121: Yes | AH121: 3 | AI121: -0.11020956 | AJ121: 30.92649 | AK121: 0.7484973 | AL121: -29.982868 | AM121: 0.69784137 | AN121: -24.411741
A122: =$B$117&$C$2&B122&C122&D122 -> MediumOfficeCZ03CycleYes4 | B122: Cycle | C122: Yes | D122: 4 | E122: 1.204481 | F122: -60.838494 | G122: -0.42929274 | H122: 64.551591 | I122: 0 | J122: 0 | K122: =$B$117&$M$2&L122&M122&N122 -> MediumOfficeCZ04CycleYes4 | L122: Cycle | M122: Yes | N122: 4 | O122: 1.7741603 | P122: -97.506045 | Q122: 0.10075574 | R122: 26.150618 | S122: 0.10075574 | T122: 26.150618 | U122: =$B$117&$W$2&V122&W122&X122 -> MediumOfficeCZ12CycleYes4 | V122: Cycle | W122: Yes | X122: 4 | Y122: 1.1330542 | Z122: -58.541146 | AA122: 0.73036348 | AB122: -27.546431 | AC122: 0.57453793 | AD122: -12.169539 | AE122: =$B$117&$AG$2&AF122&AG122&AH122 -> MediumOfficeCZ13CycleYes4 | AF122: Cycle | AG122: Yes | AH122: 4 | AI122: 1.1102819 | AJ122: -58.664963 | AK122: 0.85669515 | AL122: -38.43531 | AM122: 0.58997143 | AN122: -12.45494
A123: =$B$117&$C$2&B123&C123&D123 -> MediumOfficeCZ03CycleNo1 | B123: Cycle | C123: No | D123: 1 | E123: 1.2389106 | F123: -64.948095 | G123: 0.44183758 | H123: -5.2381568 | I123: 0 | J123: 0 | K123: =$B$117&$M$2&L123&M123&N123 -> MediumOfficeCZ04CycleNo1 | L123: Cycle | M123: No | N123: 1 | O123: 0.71236009 | P123: -24.560184 | Q123: 0.30417986 | R123: 8.9597041 | S123: 0.30417986 | T123: 8.9597041 | U123: =$B$117&$W$2&V123&W123&X123 -> MediumOfficeCZ12CycleNo1 | V123: Cycle | W123: No | X123: 1 | Y123: 1.2621163 | Z123: -68.45558 | AA123: 0.76817484 | AB123: -33.369405 | AC123: 0.66187888 | AD123: -22.880572 | AE123: =$B$117&$AG$2&AF123&AG123&AH123 -> MediumOfficeCZ13CycleNo1 | AF123: Cycle | AG123: No | AH123: 1 | AI123: 1.9854249 | AJ123: -123.92651 | AK123: 0.74186427 | AL123: -29.868841 | AM123: 0.82729068 | AN123: -37.933158
A124: =$B$117&$C$2&B124&C124&D124 -> MediumOfficeCZ03CycleNo2 | B124: Cycle | C124: No | D124: 2 | E124: 1.3673445 | F124: -72.707807 | G124: 0.48068693 | H124: -7.5066126 | I124: 0 | J124: 0 | K124: =$B$117&$M$2&L124&M124&N124 -> MediumOfficeCZ04CycleNo2 | L124: Cycle | M124: No | N124: 2 | O124: 2.0814901 | P124: -121.88837 | Q124: 0.20505597 | R124: 17.729624 | S124: 0.20505597 | T124: 17.729624 | U124: =$B$117&$W$2&V124&W124&X124 -> MediumOfficeCZ12CycleNo2 | V124: Cycle | W124: No | X124: 2 | Y124: 1.1065141 | Z124: -58.340469 | AA124: 0.72350742 | AB124: -28.608477 | AC124: 0.69892212 | AD124: -25.939963 | AE124: =$B$117&$AG$2&AF124&AG124&AH124 -> MediumOfficeCZ13CycleNo2 | AF124: Cycle | AG124: No | AH124: 2 | AI124: -2.9018298 | AJ124: 240.5151 | AK124: 0.72335888 | AL124: -27.742151 | AM124: 0.73765123 | AN124: -28.33947
A125: =$B$117&$C$2&B125&C125&D125 -> MediumOfficeCZ03CycleNo3 | B125: Cycle | C125: No | D125: 3 | E125: 1.2862056 | F125: -66.912487 | G125: 0.5282836 | H125: -11.571202 | I125: 0 | J125: 0 | K125: =$B$117&$M$2&L125&M125&N125 -> MediumOfficeCZ04CycleNo3 | L125: Cycle | M125: No | N125: 3 | O125: 1.8889353 | P125: -107.16525 | Q125: 0.23385393 | R125: 15.085073 | S125: 0.23385393 | T125: 15.085073 | U125: =$B$117&$W$2&V125&W125&X125 -> MediumOfficeCZ12CycleNo3 | V125: Cycle | W125: No | X125: 3 | Y125: 1.0570751 | Z125: -54.680625 | AA125: 0.69000752 | AB125: -25.42189 | AC125: 0.69045659 | AD125: -25.039926 | AE125: =$B$117&$AG$2&AF125&AG125&AH125 -> MediumOfficeCZ13CycleNo3 | AF125: Cycle | AG125: No | AH125: 3 | AI125: -0.11020956 | AJ125: 30.92649 | AK125: 0.7484973 | AL125: -29.982868 | AM125: 0.69784137 | AN125: -24.411741
A126: =$B$117&$C$2&B126&C126&D126 -> MediumOfficeCZ03CycleNo4 | B126: Cycle | C126: No | D126: 4 | E126: 1.204481 | F126: -60.838494 | G126: -0.42929274 | H126: 64.551591 | I126: 0 | J126: 0 | K126: =$B$117&$M$2&L126&M126&N126 -> MediumOfficeCZ04CycleNo4 | L126: Cycle | M126: No | N126: 4 | O126: 1.7741603 | P126: -97.506045 | Q126: 0.10075574 | R126: 26.150618 | S126: 0.10075574 | T126: 26.150618 | U126: =$B$117&$W$2&V126&W126&X126 -> MediumOfficeCZ12CycleNo4 | V126: Cycle | W126: No | X126: 4 | Y126: 1.1330542 | Z126: -58.541146 | AA126: 0.73036348 | AB126: -27.546431 | AC126: 0.57453793 | AD126: -12.169539 | AE126: =$B$117&$AG$2&AF126&AG126&AH126 -> MediumOfficeCZ13CycleNo4 | AF126: Cycle | AG126: No | AH126: 4 | AI126: 1.1102819 | AJ126: -58.664963 | AK126: 0.85669515 | AL126: -38.43531 | AM126: 0.58997143 | AN126: -12.45494
B127: Retail | E127: OAT<=75°F | G127: 75°F<=OAT<95°F | I127: OAT>=95°F | L127: Retail | O127: OAT<=75°F | Q127: 75°F<=OAT<95°F | S127: OAT>=95°F | V127: Retail | Y127: OAT<=75°F | AA127: 75°F<=OAT<95°F | AC127: OAT>=95°F | AF127: Retail | AI127: OAT<=75°F | AK127: 75°F<=OAT<95°F | AM127: OAT>=95°F
A128: Case ID | B128: Duty Cycle (minutes off/hr) | C128: CompressorOnly | D128: DR Event Hour | E128: Equation_Slope | F128: Equation_Intercept | G128: Equation_Slope | H128: Equation_Intercept | I128: Equation_Slope | J128: Equation_Intercept | K128: Case ID | L128: Duty Cycle (minutes off/hr) | N128: DR Event Hour | O128: Equation_Slope | P128: Equation_Intercept | Q128: Equation_Slope | R128: Equation_Intercept | S128: Equation_Slope | T128: Equation_Intercept | U128: Case ID | V128: Duty Cycle (minutes off/hr) | X128: DR Event Hour | Y128: Equation_Slope | Z128: Equation_Intercept | AA128: Equation_Slope | AB128: Equation_Intercept | AC128: Equation_Slope | AD128: Equation_Intercept | AE128: Case ID | AF128: Duty Cycle (minutes off/hr) | AH128: DR Event Hour | AI128: Equation_Slope | AJ128: Equation_Intercept | AK128: Equation_Slope | AL128: Equation_Intercept | AM128: Equation_Slope | AN128: Equation_Intercept
A129: =$B$127&$C$2& B129& C129&D129 -> RetailCZ03CycleYes1 | B129: Cycle | C129: Yes | D129: 1 | E129: 1.7743718 | F129: -111.64493 | G129: 0.74985257 | H129: -34.772098 | I129: 0 | J129: 0 | K129: =$B$127&$M$2& L129& M129&N129 -> RetailCZ04CycleYes1 | L129: Cycle | M129: Yes | N129: 1 | O129: 1.710529 | P129: -105.81783 | Q129: 0.77064339 | R129: -33.059334 | S129: 0.77064339 | T129: -33.059334 | U129: =$B$127&$W$2& V129& W129&X129 -> RetailCZ12CycleYes1 | V129: Cycle | W129: Yes | X129: 1 | Y129: 1.1885866 | Z129: -72.147571 | AA129: 0.98233069 | AB129: -55.069505 | AC129: 0.763435 | AD129: -33.938867 | AE129: =$B$127&$AG$2& AF129& AG129&AH129 -> RetailCZ13CycleYes1 | AF129: Cycle | AG129: Yes | AH129: 1 | AI129: 2.0850331 | AJ129: -136.74387 | AK129: 0.98259348 | AL129: -53.988175 | AM129: 0.92804038 | AN129: -49.109078
A130: =$B$127&$C$2& B130& C130&D130 -> RetailCZ03CycleYes2 | B130: Cycle | C130: Yes | D130: 2 | E130: 1.8938579 | F130: -118.39674 | G130: 0.81937356 | H130: -39.291433 | I130: 0 | J130: 0 | K130: =$B$127&$M$2& L130& M130&N130 -> RetailCZ04CycleYes2 | L130: Cycle | M130: Yes | N130: 2 | O130: 2.5371773 | P130: -163.42571 | Q130: 0.72720319 | R130: -28.609115 | S130: 0.72720319 | T130: -28.609115 | U130: =$B$127&$W$2& V130& W130&X130 -> RetailCZ12CycleYes2 | V130: Cycle | W130: Yes | X130: 2 | Y130: 1.3783653 | Z130: -84.303131 | AA130: 0.9568893 | AB130: -51.862254 | AC130: 0.72260535 | AD130: -29.45064 | AE130: =$B$127&$AG$2& AF130& AG130&AH130 -> RetailCZ13CycleYes2 | AF130: Cycle | AG130: Yes | AH130: 2 | AI130: 2.7918414 | AJ130: -189.04232 | AK130: 0.93624505 | AL130: -49.303098 | AM130: 0.79794356 | AN130: -35.361206
A131: =$B$127&$C$2& B131& C131&D131 -> RetailCZ03CycleYes3 | B131: Cycle | C131: Yes | D131: 3 | E131: 1.7452138 | F131: -108.14852 | G131: 0.87740264 | H131: -43.99697 | I131: 0 | J131: 0 | K131: =$B$127&$M$2& L131& M131&N131 -> RetailCZ04CycleYes3 | L131: Cycle | M131: Yes | N131: 3 | O131: 2.2981979 | P131: -145.38186 | Q131: 0.69767948 | R131: -26.511601 | S131: 0.69767948 | T131: -26.511601 | U131: =$B$127&$W$2& V131& W131&X131 -> RetailCZ12CycleYes3 | V131: Cycle | W131: Yes | X131: 3 | Y131: 1.4399196 | Z131: -88.407049 | AA131: 0.92778481 | AB131: -48.9217 | AC131: 0.75714168 | AD131: -32.56419 | AE131: =$B$127&$AG$2& AF131& AG131&AH131 -> RetailCZ13CycleYes3 | AF131: Cycle | AG131: Yes | AH131: 3 | AI131: 1.8696071 | AJ131: -119.6948 | AK131: 0.96457817 | AL131: -51.668973 | AM131: 0.80891416 | AN131: -36.307229
A132: =$B$127&$C$2& B132& C132&D132 -> RetailCZ03CycleYes4 | B132: Cycle | C132: Yes | D132: 4 | E132: 1.3958579 | F132: -85.482077 | G132: 0.29768573 | H132: 0.64932373 | I132: 0 | J132: 0 | K132: =$B$127&$M$2& L132& M132&N132 -> RetailCZ04CycleYes4 | L132: Cycle | M132: Yes | N132: 4 | O132: 2.2901878 | P132: -145.27997 | Q132: 0.76495258 | R132: -32.977582 | S132: 0.76495258 | T132: -32.977582 | U132: =$B$127&$W$2& V132& W132&X132 -> RetailCZ12CycleYes4 | V132: Cycle | W132: Yes | X132: 4 | Y132: 1.3278001 | Z132: -80.679277 | AA132: 0.92357891 | AB132: -48.547446 | AC132: 0.81560327 | AD132: -38.39454 | AE132: =$B$127&$AG$2& AF132& AG132&AH132 -> RetailCZ13CycleYes4 | AF132: Cycle | AG132: Yes | AH132: 4 | AI132: 1.9101485 | AJ132: -123.54893 | AK132: 1.006145 | AL132: -55.588696 | AM132: 0.73382225 | AN132: -29.13831
A133: =$B$127&$C$2& B133& C133&D133 -> RetailCZ03CycleNo1 | B133: Cycle | C133: No | D133: 1 | E133: 1.3640903 | F133: -62.707046 | G133: 0.5764669 | H133: -3.6092388 | I133: 0 | J133: 0 | K133: =$B$127&$M$2& L133& M133&N133 -> RetailCZ04CycleNo1 | L133: Cycle | M133: No | N133: 1 | O133: 1.2909228 | P133: -55.329104 | Q133: 0.58159852 | R133: -0.41883457 | S133: 0.58159852 | T133: -0.41883457 | U133: =$B$127&$W$2& V133& W133&X133 -> RetailCZ12CycleNo1 | V133: Cycle | W133: No | X133: 1 | Y133: 0.89628703 | Z133: -29.812698 | AA133: 0.74075397 | AB133: -16.934503 | AC133: 0.57568954 | AD133: -1.0003543 | AE133: =$B$127&$AG$2& AF133& AG133&AH133 -> RetailCZ13CycleNo1 | AF133: Cycle | AG133: No | AH133: 1 | AI133: 1.5280035 | AJ133: -73.496269 | AK133: 0.72008752 | AL133: -12.849276 | AM133: 0.68010862 | AN133: -9.27366
A134: =$B$127&$C$2& B134& C134&D134 -> RetailCZ03CycleNo2 | B134: Cycle | C134: No | D134: 2 | E134: 1.4559481 | F134: -67.897657 | G134: 0.62991281 | H134: -7.0835848 | I134: 0 | J134: 0 | K134: =$B$127&$M$2& L134& M134&N134 -> RetailCZ04CycleNo2 | L134: Cycle | M134: No | N134: 2 | O134: 1.9147878 | P134: -98.805312 | Q134: 0.54881454 | R134: 2.9397103 | S134: 0.54881454 | T134: 2.9397103 | U134: =$B$127&$W$2& V134& W134&X134 -> RetailCZ12CycleNo2 | V134: Cycle | W134: No | X134: 2 | Y134: 1.039395 | Z134: -38.978938 | AA134: 0.72156918 | AB134: -14.515986 | AC134: 0.5449008 | AD134: 2.3841194 | AE134: =$B$127&$AG$2& AF134& AG134&AH134 -> RetailCZ13CycleNo2 | AF134: Cycle | AG134: No | AH134: 2 | AI134: 2.0459836 | AJ134: -111.82287 | AK134: 0.68612136 | AL134: -9.4158463 | AM134: 0.58476797 | AN134: 0.80138251
A135: =$B$127&$C$2& B135& C135&D135 -> RetailCZ03CycleNo3 | B135: Cycle | C135: No | D135: 3 | E135: 1.3416744 | F135: -60.019102 | G135: 0.67452404 | H135: -10.701077 | I135: 0 | J135: 0 | K135: =$B$127&$M$2& L135& M135&N135 -> RetailCZ04CycleNo3 | L135: Cycle | M135: No | N135: 3 | O135: 1.7344319 | P135: -85.187761 | Q135: 0.52653323 | R135: 4.5226881 | S135: 0.52653323 | T135: 4.5226881 | U135: =$B$127&$W$2& V135& W135&X135 -> RetailCZ12CycleNo3 | V135: Cycle | W135: No | X135: 3 | Y135: 1.0858117 | Z135: -42.073612 | AA135: 0.69962212 | AB135: -12.298579 | AC135: 0.57094389 | AD135: 0.036259647 | AE135: =$B$127&$AG$2& AF135& AG135&AH135 -> RetailCZ13CycleNo3 | AF135: Cycle | AG135: No | AH135: 3 | AI135: 1.37013 | AJ135: -61.001964 | AK135: 0.70688511 | AL135: -11.149663 | AM135: 0.59280771 | AN135: 0.10809546
A136: =$B$127&$C$2& B136& C136&D136 -> RetailCZ03CycleNo4 | B136: Cycle | C136: No | D136: 4 | E136: 1.0646995 | F136: -42.055963 | G136: 0.19471843 | H136: 26.01985 | I136: 0 | J136: 0 | K136: =$B$127&$M$2& L136& M136&N136 -> RetailCZ04CycleNo4 | L136: Cycle | M136: No | N136: 4 | O136: 1.7443911 | P136: -86.2951 | Q136: 0.57938711 | R136: -0.53520725 | S136: 0.57938711 | T136: -0.53520725 | U136: =$B$127&$W$2& V136& W136&X136 -> RetailCZ12CycleNo4 | V136: Cycle | W136: No | X136: 4 | Y136: 0.97878247 | Z136: -34.780907 | AA136: 0.69695443 | AB136: -12.086783 | AC136: 0.61502849 | AD136: -4.360279 | AE136: =$B$127&$AG$2& AF136& AG136&AH136 -> RetailCZ13CycleNo4 | AF136: Cycle | AG136: No | AH136: 4 | AI136: 1.5952361 | AJ136: -78.676857 | AK136: 0.75741422 | AL136: -15.867303 | AM136: 0.53777707 | AN136: 5.3617926

Sheet Cycle Calculation
A1: ='User Inputs and DR Shed Results'!B14 -> MediumOffice | B1: =CECCZ -> CZ03 | G1: Duty Cycle (minutes off/hr) | H1: =CompressorOnly -> #NAME?
A2: Date | B2: TempRange | C2: hour | D2: power | E2: oat | F2: range | G2: Cycle | H2: =DutyCycleMinutes -> #NAME? | I2: DR% | J2: DR (kW)
B3: =CSSB!$L$3 -> 1 | C3: 1 | D3: =CSSB!$N$3 -> 224.63356 | E3: =CSSB!$M$3 -> 61.692639 | F3: =IF(E3<75,1,IF(AND(E3>=75, E3<95),2,IF(E3>=95,3))) -> 1 | G3: =IF($B$1="CZ03",VLOOKUP($A$1&CECCZ&$G$2&CompressorOnly&$C3,CZ03CycleOnOff,7,0),IF($B$1="CZ04",VLOOKUP($A$1&CECCZ&$G$2&CompressorOnly&$C3,CZ04CycleOnOff,7,0),IF(CECCZ="CZ12",VLOOKUP($A$1&CECCZ&$G$2&CompressorOnly&$C3,CZ12CycleOnOff,7,0),IF(CECCZ="CZ13",VLOOKUP($A$1&CECCZ&$G$2&CompressorOnly&$C3,CZ13CycleOnOff,7,0))))) -> #NAME? | H3: =IF(CECCZ="CZ03",VLOOKUP($A$1&CECCZ&$G$2&CompressorOnly&$C3,CZ03CycleOnOff,8,0),IF(CECCZ="CZ04",VLOOKUP($A$1&CECCZ&$G$2&CompressorOnly&$C3,CZ04CycleOnOff,8,0),IF(CECCZ="CZ12",VLOOKUP($A$1&CECCZ&$G$2&CompressorOnly&$C3,CZ12CycleOnOff,8,0),IF(CECCZ="CZ13",VLOOKUP($A$1&CECCZ&$G$2&CompressorOnly&$C3,CZ13CycleOnOff,8,0))))) -> #NAME? | I3: =(E3*G3+H3)/100*DutyCycleMinutes/60 -> #NAME? | J3: =I3*D3 -> #NAME?
B4: =CSSB!$L$3 -> 1 | C4: 1 | D4: =CSSB!$N$3 -> 224.63356 | E4: =CSSB!$M$3 -> 61.692639 | F4: =IF(E4<75,1,IF(AND(E4>=75, E4<95),2,IF(E4>=95,3))) -> 1 | G4: =IF($B$1="CZ03",VLOOKUP($A$1&CECCZ&$G$2&CompressorOnly&$C4,CZ03CycleOnOff,7,0),IF($B$1="CZ04",VLOOKUP($A$1&CECCZ&$G$2&CompressorOnly&$C4,CZ04CycleOnOff,7,0),IF(CECCZ="CZ12",VLOOKUP($A$1&CECCZ&$G$2&CompressorOnly&$C4,CZ12CycleOnOff,7,0),IF(CECCZ="CZ13",VLOOKUP($A$1&CECCZ&$G$2&CompressorOnly&$C4,CZ13CycleOnOff,7,0))))) -> #NAME? | H4: =IF(CECCZ="CZ03",VLOOKUP($A$1&CECCZ&$G$2&CompressorOnly&$C4,CZ03CycleOnOff,8,0),IF(CECCZ="CZ04",VLOOKUP($A$1&CECCZ&$G$2&CompressorOnly&$C4,CZ04CycleOnOff,8,0),IF(CECCZ="CZ12",VLOOKUP($A$1&CECCZ&$G$2&CompressorOnly&$C4,CZ12CycleOnOff,8,0),IF(CECCZ="CZ13",VLOOKUP($A$1&CECCZ&$G$2&CompressorOnly&$C4,CZ13CycleOnOff,8,0))))) -> #NAME? | I4: =(E4*G4+H4)/100*DutyCycleMinutes/60 -> #NAME? | J4: =I4*D4 -> #NAME?
B5: =CSSB!$L$3 -> 1 | C5: 1 | D5: =CSSB!$N$3 -> 224.63356 | E5: =CSSB!$M$3 -> 61.692639 | F5: =IF(E5<75,1,IF(AND(E5>=75, E5<95),2,IF(E5>=95,3))) -> 1 | G5: =IF($B$1="CZ03",VLOOKUP($A$1&CECCZ&$G$2&CompressorOnly&$C5,CZ03CycleOnOff,7,0),IF($B$1="CZ04",VLOOKUP($A$1&CECCZ&$G$2&CompressorOnly&$C5,CZ04CycleOnOff,7,0),IF(CECCZ="CZ12",VLOOKUP($A$1&CECCZ&$G$2&CompressorOnly&$C5,CZ12CycleOnOff,7,0),IF(CECCZ="CZ13",VLOOKUP($A$1&CECCZ&$G$2&CompressorOnly&$C5,CZ13CycleOnOff,7,0))))) -> #NAME? | H5: =IF(CECCZ="CZ03",VLOOKUP($A$1&CECCZ&$G$2&CompressorOnly&$C5,CZ03CycleOnOff,8,0),IF(CECCZ="CZ04",VLOOKUP($A$1&CECCZ&$G$2&CompressorOnly&$C5,CZ04CycleOnOff,8,0),IF(CECCZ="CZ12",VLOOKUP($A$1&CECCZ&$G$2&CompressorOnly&$C5,CZ12CycleOnOff,8,0),IF(CECCZ="CZ13",VLOOKUP($A$1&CECCZ&$G$2&CompressorOnly&$C5,CZ13CycleOnOff,8,0))))) -> #NAME? | I5: =(E5*G5+H5)/100*DutyCycleMinutes/60 -> #NAME? | J5: =I5*D5 -> #NAME?
B6: =CSSB!$L$3 -> 1 | C6: 1 | D6: =CSSB!$N$3 -> 224.63356 | E6: =CSSB!$M$3 -> 61.692639 | F6: =IF(E6<75,1,IF(AND(E6>=75, E6<95),2,IF(E6>=95,3))) -> 1 | G6: =IF($B$1="CZ03",VLOOKUP($A$1&CECCZ&$G$2&CompressorOnly&$C6,CZ03CycleOnOff,7,0),IF($B$1="CZ04",VLOOKUP($A$1&CECCZ&$G$2&CompressorOnly&$C6,CZ04CycleOnOff,7,0),IF(CECCZ="CZ12",VLOOKUP($A$1&CECCZ&$G$2&CompressorOnly&$C6,CZ12CycleOnOff,7,0),IF(CECCZ="CZ13",VLOOKUP($A$1&CECCZ&$G$2&CompressorOnly&$C6,CZ13CycleOnOff,7,0))))) -> #NAME? | H6: =IF(CECCZ="CZ03",VLOOKUP($A$1&CECCZ&$G$2&CompressorOnly&$C6,CZ03CycleOnOff,8,0),IF(CECCZ="CZ04",VLOOKUP($A$1&CECCZ&$G$2&CompressorOnly&$C6,CZ04CycleOnOff,8,0),IF(CECCZ="CZ12",VLOOKUP($A$1&CECCZ&$G$2&CompressorOnly&$C6,CZ12CycleOnOff,8,0),IF(CECCZ="CZ13",VLOOKUP($A$1&CECCZ&$G$2&CompressorOnly&$C6,CZ13CycleOnOff,8,0))))) -> #NAME? | I6: =(E6*G6+H6)/100*DutyCycleMinutes/60 -> #NAME? | J6: =I6*D6 -> #NAME?
B7: =CSSB!$L$3 -> 1 | C7: 2 | D7: =CSSB!$N$3 -> 224.63356 | E7: =CSSB!$M$3 -> 61.692639 | F7: =IF(E7<75,1,IF(AND(E7>=75, E7<95),2,IF(E7>=95,3))) -> 1 | G7: =IF($B$1="CZ03",VLOOKUP($A$1&CECCZ&$G$2&CompressorOnly&$C7,CZ03CycleOnOff,7,0),IF($B$1="CZ04",VLOOKUP($A$1&CECCZ&$G$2&CompressorOnly&$C7,CZ04CycleOnOff,7,0),IF(CECCZ="CZ12",VLOOKUP($A$1&CECCZ&$G$2&CompressorOnly&$C7,CZ12CycleOnOff,7,0),IF(CECCZ="CZ13",VLOOKUP($A$1&CECCZ&$G$2&CompressorOnly&$C7,CZ13CycleOnOff,7,0))))) -> #NAME? | H7: =IF(CECCZ="CZ03",VLOOKUP($A$1&CECCZ&$G$2&CompressorOnly&$C7,CZ03CycleOnOff,8,0),IF(CECCZ="CZ04",VLOOKUP($A$1&CECCZ&$G$2&CompressorOnly&$C7,CZ04CycleOnOff,8,0),IF(CECCZ="CZ12",VLOOKUP($A$1&CECCZ&$G$2&CompressorOnly&$C7,CZ12CycleOnOff,8,0),IF(CECCZ="CZ13",VLOOKUP($A$1&CECCZ&$G$2&CompressorOnly&$C7,CZ13CycleOnOff,8,0))))) -> #NAME? | I7: =(E7*G7+H7)/100*DutyCycleMinutes/60 -> #NAME? | J7: =I7*D7 -> #NAME?
B8: =CSSB!$L$3 -> 1 | C8: 2 | D8: =CSSB!$N$3 -> 224.63356 | E8: =CSSB!$M$3 -> 61.692639 | F8: =IF(E8<75,1,IF(AND(E8>=75, E8<95),2,IF(E8>=95,3))) -> 1 | G8: =IF($B$1="CZ03",VLOOKUP($A$1&CECCZ&$G$2&CompressorOnly&$C8,CZ03CycleOnOff,7,0),IF($B$1="CZ04",VLOOKUP($A$1&CECCZ&$G$2&CompressorOnly&$C8,CZ04CycleOnOff,7,0),IF(CECCZ="CZ12",VLOOKUP($A$1&CECCZ&$G$2&CompressorOnly&$C8,CZ12CycleOnOff,7,0),IF(CECCZ="CZ13",VLOOKUP($A$1&CECCZ&$G$2&CompressorOnly&$C8,CZ13CycleOnOff,7,0))))) -> #NAME? | H8: =IF(CECCZ="CZ03",VLOOKUP($A$1&CECCZ&$G$2&CompressorOnly&$C8,CZ03CycleOnOff,8,0),IF(CECCZ="CZ04",VLOOKUP($A$1&CECCZ&$G$2&CompressorOnly&$C8,CZ04CycleOnOff,8,0),IF(CECCZ="CZ12",VLOOKUP($A$1&CECCZ&$G$2&CompressorOnly&$C8,CZ12CycleOnOff,8,0),IF(CECCZ="CZ13",VLOOKUP($A$1&CECCZ&$G$2&CompressorOnly&$C8,CZ13CycleOnOff,8,0))))) -> #NAME? | I8: =(E8*G8+H8)/100*DutyCycleMinutes/60 -> #NAME? | J8: =I8*D8 -> #NAME?
B9: =CSSB!$L$3 -> 1 | C9: 2 | D9: =CSSB!$N$3 -> 224.63356 | E9: =CSSB!$M$3 -> 61.692639 | F9: =IF(E9<75,1,IF(AND(E9>=75, E9<95),2,IF(E9>=95,3))) -> 1 | G9: =IF($B$1="CZ03",VLOOKUP($A$1&CECCZ&$G$2&CompressorOnly&$C9,CZ03CycleOnOff,7,0),IF($B$1="CZ04",VLOOKUP($A$1&CECCZ&$G$2&CompressorOnly&$C9,CZ04CycleOnOff,7,0),IF(CECCZ="CZ12",VLOOKUP($A$1&CECCZ&$G$2&CompressorOnly&$C9,CZ12CycleOnOff,7,0),IF(CECCZ="CZ13",VLOOKUP($A$1&CECCZ&$G$2&CompressorOnly&$C9,CZ13CycleOnOff,7,0))))) -> #NAME? | H9: =IF(CECCZ="CZ03",VLOOKUP($A$1&CECCZ&$G$2&CompressorOnly&$C9,CZ03CycleOnOff,8,0),IF(CECCZ="CZ04",VLOOKUP($A$1&CECCZ&$G$2&CompressorOnly&$C9,CZ04CycleOnOff,8,0),IF(CECCZ="CZ12",VLOOKUP($A$1&CECCZ&$G$2&CompressorOnly&$C9,CZ12CycleOnOff,8,0),IF(CECCZ="CZ13",VLOOKUP($A$1&CECCZ&$G$2&CompressorOnly&$C9,CZ13CycleOnOff,8,0))))) -> #NAME? | I9: =(E9*G9+H9)/100*DutyCycleMinutes/60 -> #NAME? | J9: =I9*D9 -> #NAME?
B10: =CSSB!$L$3 -> 1 | C10: 2 | D10: =CSSB!$N$3 -> 224.63356 | E10: =CSSB!$M$3 -> 61.692639 | F10: =IF(E10<75,1,IF(AND(E10>=75, E10<95),2,IF(E10>=95,3))) -> 1 | G10: =IF($B$1="CZ03",VLOOKUP($A$1&CECCZ&$G$2&CompressorOnly&$C10,CZ03CycleOnOff,7,0),IF($B$1="CZ04",VLOOKUP($A$1&CECCZ&$G$2&CompressorOnly&$C10,CZ04CycleOnOff,7,0),IF(CECCZ="CZ12",VLOOKUP($A$1&CECCZ&$G$2&CompressorOnly&$C10,CZ12CycleOnOff,7,0),IF(CECCZ="CZ13",VLOOKUP($A$1&CECCZ&$G$2&CompressorOnly&$C10,CZ13CycleOnOff,7,0))))) -> #NAME? | H10: =IF(CECCZ="CZ03",VLOOKUP($A$1&CECCZ&$G$2&CompressorOnly&$C10,CZ03CycleOnOff,8,0),IF(CECCZ="CZ04",VLOOKUP($A$1&CECCZ&$G$2&CompressorOnly&$C10,CZ04CycleOnOff,8,0),IF(CECCZ="CZ12",VLOOKUP($A$1&CECCZ&$G$2&CompressorOnly&$C10,CZ12CycleOnOff,8,0),IF(CECCZ="CZ13",VLOOKUP($A$1&CECCZ&$G$2&CompressorOnly&$C10,CZ13CycleOnOff,8,0))))) -> #NAME? | I10: =(E10*G10+H10)/100*DutyCycleMinutes/60 -> #NAME? | J10: =I10*D10 -> #NAME?
B11: =CSSB!$L$3 -> 1 | C11: 3 | D11: =CSSB!$N$3 -> 224.63356 | E11: =CSSB!$M$3 -> 61.692639 | F11: =IF(E11<75,1,IF(AND(E11>=75, E11<95),2,IF(E11>=95,3))) -> 1 | G11: =IF($B$1="CZ03",VLOOKUP($A$1&CECCZ&$G$2&CompressorOnly&$C11,CZ03CycleOnOff,7,0),IF($B$1="CZ04",VLOOKUP($A$1&CECCZ&$G$2&CompressorOnly&$C11,CZ04CycleOnOff,7,0),IF(CECCZ="CZ12",VLOOKUP($A$1&CECCZ&$G$2&CompressorOnly&$C11,CZ12CycleOnOff,7,0),IF(CECCZ="CZ13",VLOOKUP($A$1&CECCZ&$G$2&CompressorOnly&$C11,CZ13CycleOnOff,7,0))))) -> #NAME? | H11: =IF(CECCZ="CZ03",VLOOKUP($A$1&CECCZ&$G$2&CompressorOnly&$C11,CZ03CycleOnOff,8,0),IF(CECCZ="CZ04",VLOOKUP($A$1&CECCZ&$G$2&CompressorOnly&$C11,CZ04CycleOnOff,8,0),IF(CECCZ="CZ12",VLOOKUP($A$1&CECCZ&$G$2&CompressorOnly&$C11,CZ12CycleOnOff,8,0),IF(CECCZ="CZ13",VLOOKUP($A$1&CECCZ&$G$2&CompressorOnly&$C11,CZ13CycleOnOff,8,0))))) -> #NAME? | I11: =(E11*G11+H11)/100*DutyCycleMinutes/60 -> #NAME? | J11: =I11*D11 -> #NAME?
B12: =CSSB!$L$3 -> 1 | C12: 3 | D12: =CSSB!$N$3 -> 224.63356 | E12: =CSSB!$M$3 -> 61.692639 | F12: =IF(E12<75,1,IF(AND(E12>=75, E12<95),2,IF(E12>=95,3))) -> 1 | G12: =IF($B$1="CZ03",VLOOKUP($A$1&CECCZ&$G$2&CompressorOnly&$C12,CZ03CycleOnOff,7,0),IF($B$1="CZ04",VLOOKUP($A$1&CECCZ&$G$2&CompressorOnly&$C12,CZ04CycleOnOff,7,0),IF(CECCZ="CZ12",VLOOKUP($A$1&CECCZ&$G$2&CompressorOnly&$C12,CZ12CycleOnOff,7,0),IF(CECCZ="CZ13",VLOOKUP($A$1&CECCZ&$G$2&CompressorOnly&$C12,CZ13CycleOnOff,7,0))))) -> #NAME? | H12: =IF(CECCZ="CZ03",VLOOKUP($A$1&CECCZ&$G$2&CompressorOnly&$C12,CZ03CycleOnOff,8,0),IF(CECCZ="CZ04",VLOOKUP($A$1&CECCZ&$G$2&CompressorOnly&$C12,CZ04CycleOnOff,8,0),IF(CECCZ="CZ12",VLOOKUP($A$1&CECCZ&$G$2&CompressorOnly&$C12,CZ12CycleOnOff,8,0),IF(CECCZ="CZ13",VLOOKUP($A$1&CECCZ&$G$2&CompressorOnly&$C12,CZ13CycleOnOff,8,0))))) -> #NAME? | I12: =(E12*G12+H12)/100*DutyCycleMinutes/60 -> #NAME? | J12: =I12*D12 -> #NAME?
B13: =CSSB!$L$3 -> 1 | C13: 3 | D13: =CSSB!$N$3 -> 224.63356 | E13: =CSSB!$M$3 -> 61.692639 | F13: =IF(E13<75,1,IF(AND(E13>=75, E13<95),2,IF(E13>=95,3))) -> 1 | G13: =IF($B$1="CZ03",VLOOKUP($A$1&CECCZ&$G$2&CompressorOnly&$C13,CZ03CycleOnOff,7,0),IF($B$1="CZ04",VLOOKUP($A$1&CECCZ&$G$2&CompressorOnly&$C13,CZ04CycleOnOff,7,0),IF(CECCZ="CZ12",VLOOKUP($A$1&CECCZ&$G$2&CompressorOnly&$C13,CZ12CycleOnOff,7,0),IF(CECCZ="CZ13",VLOOKUP($A$1&CECCZ&$G$2&CompressorOnly&$C13,CZ13CycleOnOff,7,0))))) -> #NAME? | H13: =IF(CECCZ="CZ03",VLOOKUP($A$1&CECCZ&$G$2&CompressorOnly&$C13,CZ03CycleOnOff,8,0),IF(CECCZ="CZ04",VLOOKUP($A$1&CECCZ&$G$2&CompressorOnly&$C13,CZ04CycleOnOff,8,0),IF(CECCZ="CZ12",VLOOKUP($A$1&CECCZ&$G$2&CompressorOnly&$C13,CZ12CycleOnOff,8,0),IF(CECCZ="CZ13",VLOOKUP($A$1&CECCZ&$G$2&CompressorOnly&$C13,CZ13CycleOnOff,8,0))))) -> #NAME? | I13: =(E13*G13+H13)/100*DutyCycleMinutes/60 -> #NAME? | J13: =I13*D13 -> #NAME?
B14: =CSSB!$L$3 -> 1 | C14: 3 | D14: =CSSB!$N$3 -> 224.63356 | E14: =CSSB!$M$3 -> 61.692639 | F14: =IF(E14<75,1,IF(AND(E14>=75, E14<95),2,IF(E14>=95,3))) -> 1 | G14: =IF($B$1="CZ03",VLOOKUP($A$1&CECCZ&$G$2&CompressorOnly&$C14,CZ03CycleOnOff,7,0),IF($B$1="CZ04",VLOOKUP($A$1&CECCZ&$G$2&CompressorOnly&$C14,CZ04CycleOnOff,7,0),IF(CECCZ="CZ12",VLOOKUP($A$1&CECCZ&$G$2&CompressorOnly&$C14,CZ12CycleOnOff,7,0),IF(CECCZ="CZ13",VLOOKUP($A$1&CECCZ&$G$2&CompressorOnly&$C14,CZ13CycleOnOff,7,0))))) -> #NAME? | H14: =IF(CECCZ="CZ03",VLOOKUP($A$1&CECCZ&$G$2&CompressorOnly&$C14,CZ03CycleOnOff,8,0),IF(CECCZ="CZ04",VLOOKUP($A$1&CECCZ&$G$2&CompressorOnly&$C14,CZ04CycleOnOff,8,0),IF(CECCZ="CZ12",VLOOKUP($A$1&CECCZ&$G$2&CompressorOnly&$C14,CZ12CycleOnOff,8,0),IF(CECCZ="CZ13",VLOOKUP($A$1&CECCZ&$G$2&CompressorOnly&$C14,CZ13CycleOnOff,8,0))))) -> #NAME? | I14: =(E14*G14+H14)/100*DutyCycleMinutes/60 -> #NAME? | J14: =I14*D14 -> #NAME?
... B18: =CSSB!$L$3 -> 1 | C18: 4 | D18: =CSSB!$N$3 -> 224.63356 | E18: =CSSB!$M$3 -> 61.692639 | F18: =IF(E18<75,1,IF(AND(E18>=75, E18<95),2,IF(E18>=95,3))) -> 1 | G18: =IF($B$1="CZ03",VLOOKUP($A$1&CECCZ&$G$2&CompressorOnly&$C18,CZ03CycleOnOff,7,0),IF($B$1="CZ04",VLOOKUP($A$1&CECCZ&$G$2&CompressorOnly&$C18,CZ04CycleOnOff,7,0),IF(CECCZ="CZ12",VLOOKUP($A$1&CECCZ&$G$2&CompressorOnly&$C18,CZ12CycleOnOff,7,0),IF(CECCZ="CZ13",VLOOKUP($A$1&CECCZ&$G$2&CompressorOnly&$C18,CZ13CycleOnOff,7,0))))) -> #NAME? | H18: =IF(CECCZ="CZ03",VLOOKUP($A$1&CECCZ&$G$2&CompressorOnly&$C18,CZ03CycleOnOff,8,0),IF(CECCZ="CZ04",VLOOKUP($A$1&CECCZ&$G$2&CompressorOnly&$C18,CZ04CycleOnOff,8,0),IF(CECCZ="CZ12",VLOOKUP($A$1&CECCZ&$G$2&CompressorOnly&$C18,CZ12CycleOnOff,8,0),IF(CECCZ="CZ13",VLOOKUP($A$1&CECCZ&$G$2&CompressorOnly&$C18,CZ13CycleOnOff,8,0))))) -> #NAME? | I18: =(E18*G18+H18)/100*DutyCycleMinutes/60 -> #NAME? | J18: =I18*D18 -> #NAME?
G20: Duty Cycle (minutes off/hr) | H20: =CompressorOnly -> #NAME?
B21: TempRange | C21: hour | D21: power | E21: oat | F21: range | G21: Cycle | H21: =DutyCycleMinutes -> #NAME? | I21: DR% | J21: DR (kW)
B22: =CSSB!$L$4 -> 2 | C22: 1 | D22: =CSSB!$N$4 -> 227.47394 | E22: =CSSB!$M$4 -> 67.609237 | F22: =IF(E22<75,1,IF(AND(E22>=75, E22<95),2,IF(E22>=95,3))) -> 1 | G22: =IF($B$1="CZ03",VLOOKUP($A$1&CECCZ&$G$2&CompressorOnly&$C22,CZ03CycleOnOff,7,0),IF($B$1="CZ04",VLOOKUP($A$1&CECCZ&$G$2&CompressorOnly&$C22,CZ04CycleOnOff,7,0),IF(CECCZ="CZ12",VLOOKUP($A$1&CECCZ&$G$2&CompressorOnly&$C22,CZ12CycleOnOff,7,0),IF(CECCZ="CZ13",VLOOKUP($A$1&CECCZ&$G$2&CompressorOnly&$C22,CZ13CycleOnOff,7,0))))) -> #NAME? | H22: =IF(CECCZ="CZ03",VLOOKUP($A$1&CECCZ&$G$2&CompressorOnly&$C22,CZ03CycleOnOff,8,0),IF(CECCZ="CZ04",VLOOKUP($A$1&CECCZ&$G$2&CompressorOnly&$C22,CZ04CycleOnOff,8,0),IF(CECCZ="CZ12",VLOOKUP($A$1&CECCZ&$G$2&CompressorOnly&$C22,CZ12CycleOnOff,8,0),IF(CECCZ="CZ13",VLOOKUP($A$1&CECCZ&$G$2&CompressorOnly&$C22,CZ13CycleOnOff,8,0))))) -> #NAME? | I22: =(E22*G22+H22)/100*DutyCycleMinutes/60 -> #NAME? | J22: =I22*D22 -> #NAME?
B23: =CSSB!$L$4 -> 2 | C23: 1 | D23: =CSSB!$N$4 -> 227.47394 | E23: =CSSB!$M$4 -> 67.609237 | F23: =IF(E23<75,1,IF(AND(E23>=75, E23<95),2,IF(E23>=95,3))) -> 1 | G23: =IF($B$1="CZ03",VLOOKUP($A$1&CECCZ&$G$2&CompressorOnly&$C23,CZ03CycleOnOff,7,0),IF($B$1="CZ04",VLOOKUP($A$1&CECCZ&$G$2&CompressorOnly&$C23,CZ04CycleOnOff,7,0),IF(CECCZ="CZ12",VLOOKUP($A$1&CECCZ&$G$2&CompressorOnly&$C23,CZ12CycleOnOff,7,0),IF(CECCZ="CZ13",VLOOKUP($A$1&CECCZ&$G$2&CompressorOnly&$C23,CZ13CycleOnOff,7,0))))) -> #NAME? | H23: =IF(CECCZ="CZ03",VLOOKUP($A$1&CECCZ&$G$2&CompressorOnly&$C23,CZ03CycleOnOff,8,0),IF(CECCZ="CZ04",VLOOKUP($A$1&CECCZ&$G$2&CompressorOnly&$C23,CZ04CycleOnOff,8,0),IF(CECCZ="CZ12",VLOOKUP($A$1&CECCZ&$G$2&CompressorOnly&$C23,CZ12CycleOnOff,8,0),IF(CECCZ="CZ13",VLOOKUP($A$1&CECCZ&$G$2&CompressorOnly&$C23,CZ13CycleOnOff,8,0))))) -> #NAME? | I23: =(E23*G23+H23)/100*DutyCycleMinutes/60 -> #NAME? | J23: =I23*D23 -> #NAME?
